student_id,age,attendance_percentage,current_gpa,failed_subjects,backlogs,assignment_completion_percentage,internal_assessment_marks,exam_score,lms_activity_score,fee_pending,counseling_sessions,dropout
STU2861,21,61.4,8.0,1,0,82.6,66.4,46.1,72.3,1,1,0
STU1354,22,78.4,5.34,0,0,54.5,41.7,61.6,68.2,0,2,0
STU2334,21,71.2,8.49,0,0,64.7,78.3,66.9,89.6,0,1,0
STU1906,23,76.5,8.04,0,0,92.3,66.2,59.0,54.6,0,0,0
STU2290,22,63.7,8.57,1,1,67.3,64.8,77.1,75.6,0,0,0
STU2274,21,71.5,7.39,2,1,85.4,59.7,62.9,76.2,0,0,0
STU1939,22,71.2,7.5,0,1,75.2,68.8,45.3,52.6,0,0,0
STU2732,20,84.4,6.83,0,0,71.6,63.9,48.0,47.8,1,0,0
STU1066,22,73.9,7.22,1,2,85.5,34.2,76.2,90.6,0,0,0
STU2324,18,85.3,5.96,2,2,97.6,74.0,49.8,72.2,0,0,0
STU1057,20,70.1,7.67,0,0,95.2,66.0,40.7,44.8,1,1,0
STU2293,20,70.1,7.14,0,0,70.4,67.0,56.4,94.4,0,0,0
STU2119,21,66.1,6.09,2,2,76.4,50.9,44.8,71.4,0,0,1
STU1585,21,81.5,6.5,0,0,69.4,59.2,64.1,86.7,0,0,0
STU1375,21,71.7,7.68,2,1,80.7,73.6,74.1,93.6,0,0,1
STU1276,21,39.2,6.41,1,1,64.3,70.6,40.4,86.1,0,2,0
STU1747,23,88.6,7.55,2,1,61.1,58.3,59.1,79.1,0,0,0
STU1129,20,81.1,6.59,1,2,76.2,62.9,59.5,89.5,0,0,0
STU2647,20,93.1,5.29,0,1,73.5,52.7,67.4,69.5,0,0,0
STU2853,20,59.8,7.45,0,0,73.4,66.2,48.0,73.0,1,1,0
STU1675,22,73.1,7.08,2,2,62.9,50.7,72.7,82.9,0,2,0
STU2665,22,74.0,7.8,0,1,75.6,73.3,50.4,62.0,1,0,0
STU2982,20,72.9,8.3,0,0,98.2,39.9,68.0,95.1,0,1,0
STU2084,21,69.7,6.58,1,1,54.9,84.0,86.1,89.7,1,1,0
STU2923,18,62.8,9.51,0,0,33.1,60.8,69.5,64.4,0,0,0
STU1100,19,94.5,6.58,2,2,91.0,53.3,21.7,72.2,0,1,0
STU2180,21,80.6,6.13,0,0,63.7,82.1,75.1,49.0,0,1,0
STU1965,20,76.3,6.15,0,0,81.6,44.8,35.4,75.3,0,0,0
STU1793,21,66.6,7.53,0,0,39.1,71.8,76.5,57.1,1,1,0
STU1030,21,70.3,7.0,0,0,85.7,56.9,95.0,88.3,0,2,0
STU1629,19,66.2,6.1,2,2,79.0,87.1,59.0,58.8,0,2,0
STU1945,21,74.4,6.64,2,3,86.0,75.5,52.3,58.6,0,0,0
STU1573,21,93.7,7.11,2,3,61.5,64.4,48.9,71.5,0,3,0
STU1908,19,76.2,5.84,0,0,100.0,75.1,58.3,65.2,0,1,0
STU2081,21,70.4,5.82,4,5,80.2,64.7,51.9,77.3,0,0,1
STU1451,20,69.6,6.03,1,0,100.0,58.4,48.0,42.0,0,0,0
STU2610,20,75.5,7.27,2,3,72.5,81.4,80.3,89.2,0,0,0
STU2291,21,73.4,7.28,1,1,100.0,53.5,46.9,63.9,0,1,0
STU2079,20,60.9,7.65,5,6,82.6,76.0,59.5,69.0,0,0,0
STU1255,20,88.4,6.01,1,0,83.8,71.7,62.4,90.1,0,2,0
STU1125,22,75.7,7.55,1,2,81.5,49.4,50.4,94.7,1,0,0
STU2928,19,58.9,7.7,0,0,74.7,62.6,67.8,70.9,0,1,0
STU1252,21,75.0,6.37,0,0,68.7,69.6,71.4,66.8,0,2,0
STU1586,23,87.9,7.27,0,0,75.1,62.3,74.7,55.2,0,0,0
STU2569,21,81.9,6.68,1,1,59.3,58.5,44.4,49.3,0,1,0
STU1825,18,76.1,7.56,1,2,49.0,75.5,44.9,28.5,0,0,0
STU1508,21,80.3,5.79,0,0,97.1,62.1,71.9,71.4,0,2,0
STU1890,18,72.0,7.98,0,0,86.3,72.6,57.1,52.0,0,0,0
STU1071,19,71.9,6.58,0,0,83.6,59.9,60.8,94.2,0,2,0
STU2609,20,85.4,7.03,0,0,47.7,78.4,40.1,56.2,0,1,0
STU2533,22,91.7,6.76,2,2,67.3,58.5,61.1,50.0,0,0,0
STU1248,23,67.1,7.3,1,2,61.5,65.9,42.9,85.7,0,0,0
STU2451,20,57.0,6.6,1,0,84.8,38.9,90.0,58.3,0,0,0
STU1213,21,91.5,7.35,0,0,87.1,76.6,57.8,81.8,0,0,0
STU1910,19,82.5,6.71,0,0,99.8,58.8,61.7,76.2,0,0,0
STU2742,22,66.9,7.93,1,2,84.6,78.8,50.3,87.3,1,0,0
STU2245,22,81.8,7.85,0,0,100.0,59.5,23.2,61.0,0,1,0
STU2697,20,67.6,7.05,1,1,56.3,50.1,74.7,73.0,0,0,0
STU2183,19,67.5,6.74,1,1,88.9,51.0,71.6,51.0,0,2,1
STU1362,21,64.0,7.14,1,1,100.0,74.2,50.9,43.8,0,0,0
STU2474,18,82.6,6.41,0,0,70.5,80.7,42.5,38.1,1,3,0
STU1679,21,54.7,5.86,1,1,75.1,55.2,72.2,61.8,0,3,0
STU2622,21,68.5,6.99,1,1,74.3,76.7,56.5,96.5,0,0,0
STU2090,20,87.6,8.83,0,1,99.5,72.3,48.0,80.2,1,0,0
STU2988,20,81.3,6.32,0,0,76.0,54.7,87.8,71.9,0,0,0
STU2848,19,100.0,8.25,1,2,70.8,54.4,86.3,22.0,0,0,0
STU1988,21,95.0,7.08,1,1,90.5,63.6,65.9,70.7,1,0,0
STU2513,22,68.5,5.26,0,0,83.8,57.1,56.3,74.6,0,2,0
STU1112,21,82.0,7.36,1,1,54.3,51.3,60.4,70.5,0,1,0
STU2488,19,79.2,6.1,0,0,63.7,44.6,53.3,69.3,0,2,0
STU2454,20,84.7,5.77,0,1,91.4,95.0,73.0,92.1,0,1,0
STU1384,19,69.8,6.11,0,0,100.0,68.3,54.6,92.9,0,3,0
STU2396,23,83.2,7.42,1,2,70.4,61.1,39.8,84.9,0,0,0
STU2055,19,70.6,6.83,1,2,53.2,50.9,64.1,54.6,1,0,1
STU1756,22,61.6,6.19,1,0,60.0,67.3,64.0,83.2,0,0,0
STU1325,23,47.4,5.87,0,1,49.2,75.7,79.7,58.4,0,1,0
STU2624,22,88.6,5.11,0,0,51.8,70.5,46.7,65.4,0,0,0
STU1788,20,75.3,6.81,1,0,76.0,51.3,81.3,52.2,0,0,0
STU1369,21,65.4,6.66,2,3,94.1,56.8,42.9,63.3,1,1,0
STU2820,20,72.4,7.14,0,1,99.2,91.3,55.0,61.5,0,0,0
STU1070,20,73.6,4.58,0,0,83.2,34.4,45.5,50.6,0,0,1
STU1858,21,77.5,6.16,1,2,65.9,85.1,55.2,40.7,0,1,0
STU2484,21,91.7,8.22,0,0,65.5,68.7,75.3,56.5,0,2,0
STU2556,20,73.0,6.96,5,4,78.2,42.2,50.0,64.0,1,0,1
STU2692,18,75.0,6.45,0,0,62.3,58.3,47.8,86.4,0,3,0
STU2475,20,60.3,7.07,2,2,46.2,50.1,90.0,71.3,0,0,0
STU2799,20,86.1,6.02,0,1,71.1,57.7,74.1,60.3,0,1,0
STU1479,21,85.1,7.56,0,0,81.9,64.6,91.0,78.8,0,3,0
STU1282,18,76.2,4.26,0,0,81.2,63.0,90.1,72.1,0,2,1
STU2648,22,71.3,5.95,1,1,88.2,57.7,62.4,53.3,0,0,0
STU2557,20,73.5,7.05,2,2,98.0,49.4,44.6,56.7,0,2,0
STU2730,21,79.0,5.46,2,2,90.3,57.6,95.0,58.1,0,0,0
STU1211,22,85.5,6.83,1,1,76.2,54.7,52.9,39.9,1,1,1
STU1298,20,67.0,6.14,0,0,38.3,68.6,55.6,69.4,0,0,0
STU2885,18,66.9,7.58,0,0,61.7,77.4,61.6,89.5,0,1,0
STU2834,21,66.7,5.99,0,0,94.9,48.7,53.2,84.1,1,0,0
STU1652,20,53.2,7.79,1,2,80.8,68.5,62.4,72.4,0,0,0
STU2234,21,86.4,8.84,0,0,79.5,56.6,67.2,80.3,1,1,0
STU2503,22,83.6,5.71,0,0,99.2,75.0,46.7,54.5,0,3,0
STU2932,20,85.1,6.11,0,1,86.0,57.8,49.1,41.5,0,0,1
STU1917,22,94.9,5.07,1,0,76.3,75.8,73.8,100.0,0,1,0
STU1994,22,100.0,6.12,0,0,56.3,60.6,44.0,83.0,0,0,0
STU1430,21,97.9,5.31,1,1,60.0,54.4,60.2,73.8,0,0,0
STU2371,19,72.9,7.55,2,2,83.6,50.5,64.1,73.7,0,2,0
STU1240,20,72.3,7.44,0,1,73.9,69.7,65.2,81.8,0,2,0
STU1880,20,80.8,5.7,1,1,70.0,46.4,55.7,61.1,0,0,0
STU1621,20,67.8,5.69,2,2,54.8,71.2,57.7,50.1,1,0,1
STU1257,21,80.0,5.06,0,0,60.0,61.4,65.2,71.3,1,1,0
STU1612,21,85.9,8.79,0,0,88.7,45.2,82.5,62.9,0,0,0
STU1545,20,75.5,7.36,3,2,100.0,73.9,61.8,74.7,0,0,0
STU1772,22,82.9,4.15,0,0,95.1,44.3,35.9,50.6,0,1,0
STU2420,21,90.7,5.59,1,1,62.5,64.0,66.6,28.7,0,2,0
STU2042,22,74.6,5.98,1,2,54.1,67.2,66.5,66.5,0,0,0
STU2790,22,70.1,8.17,0,0,76.8,77.6,77.5,50.5,0,0,0
STU1760,21,86.5,6.25,0,0,79.7,66.7,73.7,49.5,0,1,0
STU1383,18,57.6,7.27,2,2,89.4,79.7,74.4,50.6,0,0,0
STU2104,21,88.6,6.66,0,0,70.1,77.4,84.2,69.8,0,1,0
STU1974,21,69.0,4.06,1,2,60.8,59.4,38.5,51.5,0,1,0
STU1353,20,75.6,6.89,1,1,80.2,58.2,48.6,56.4,1,0,0
STU2606,22,85.7,5.54,0,1,83.2,56.2,65.2,22.8,0,1,0
STU2826,21,72.9,7.31,1,0,88.4,53.0,75.7,88.7,0,0,0
STU2037,22,77.7,7.51,0,0,75.0,70.9,60.8,53.0,0,0,0
STU2108,19,77.6,6.42,0,0,46.0,55.7,62.8,54.2,0,1,0
STU1495,20,89.1,7.12,1,1,61.5,57.2,72.6,47.0,1,0,1
STU1394,21,79.7,5.88,1,1,52.2,62.6,53.8,45.0,1,4,0
STU2547,18,95.3,8.51,1,1,82.0,71.3,49.6,42.3,0,0,0
STU1465,19,67.6,7.79,1,1,73.9,65.6,74.4,83.1,0,2,0
STU1887,22,82.1,7.03,0,1,66.4,32.4,65.8,74.7,0,1,0
STU2194,21,61.8,7.37,1,1,82.5,55.6,46.4,39.9,0,4,1
STU1367,20,89.4,7.25,0,0,56.8,72.6,38.2,71.8,0,0,0
STU2894,18,63.3,7.99,2,2,76.0,54.3,89.0,79.2,0,2,0
STU2874,19,61.5,6.82,2,2,83.9,54.1,55.2,59.3,0,2,0
STU1745,21,88.2,6.61,2,1,78.3,68.0,47.2,51.4,0,1,0
STU1530,23,69.5,8.23,2,2,74.8,58.1,50.1,71.4,1,1,0
STU1803,21,86.5,6.79,0,0,97.0,51.1,54.0,68.4,1,1,0
STU2224,22,53.9,7.19,3,3,87.0,60.7,70.3,72.7,0,0,0
STU2979,23,84.9,6.25,1,1,85.7,74.9,61.1,74.8,0,2,0
STU2906,19,100.0,6.56,0,0,74.5,64.9,71.1,84.4,0,2,0
STU2700,21,61.3,4.95,2,1,55.9,68.3,71.8,87.6,0,1,1
STU2545,22,72.8,6.73,3,3,72.3,63.6,71.9,64.8,0,1,1
STU2314,21,77.7,6.62,0,0,58.7,55.4,31.7,52.4,0,2,0
STU1307,20,99.2,7.06,1,1,63.4,57.4,49.1,72.8,1,2,0
STU2667,21,76.1,7.12,0,0,76.5,69.6,73.7,90.4,0,1,0
STU1863,20,66.6,7.47,0,1,64.5,65.7,76.1,60.0,0,0,0
STU2567,19,84.6,8.14,1,1,70.7,49.5,61.2,64.9,0,1,0
STU1531,20,89.8,7.71,0,1,100.0,49.5,65.4,61.0,1,0,0
STU1655,21,75.8,6.95,0,0,69.7,84.9,55.0,85.9,0,0,0
STU2260,20,72.0,7.04,1,3,42.2,43.2,46.3,65.4,0,1,1
STU1234,22,95.0,8.21,0,0,88.6,79.8,58.8,18.8,0,1,0
STU1121,19,82.7,6.15,0,0,81.2,56.0,82.6,85.7,0,1,0
STU2698,24,74.0,6.4,0,0,85.8,65.4,73.4,89.4,1,1,0
STU1950,18,90.0,7.64,1,1,81.0,63.6,91.8,51.1,0,0,0
STU1618,21,87.2,5.8,0,0,83.7,58.9,80.9,47.2,0,0,0
STU2179,21,83.5,5.06,2,1,99.9,57.5,94.7,70.3,0,1,1
STU1308,22,76.2,8.89,2,2,87.8,60.5,42.9,44.9,0,2,0
STU1136,19,71.8,6.19,2,2,76.7,42.2,63.9,67.6,0,0,0
STU1555,20,80.7,8.58,1,1,93.1,64.3,62.5,76.3,1,1,0
STU2674,21,52.8,6.5,1,1,74.1,65.4,68.9,74.9,0,0,0
STU1584,19,80.1,8.09,1,0,76.3,70.5,69.3,64.7,0,0,0
STU2641,19,57.3,6.39,1,1,77.1,66.4,50.9,74.5,1,3,1
STU1671,22,84.3,4.24,1,1,64.1,62.7,80.3,57.7,0,1,0
STU1835,20,81.9,5.19,0,0,80.4,72.2,75.9,80.8,0,1,0
STU1110,18,78.5,6.83,0,0,84.1,59.4,57.2,96.7,0,0,0
STU2165,19,68.3,5.89,1,2,77.3,53.1,59.9,73.3,0,0,0
STU2960,20,66.1,8.04,1,1,75.9,37.4,67.7,92.8,0,1,0
STU2465,22,81.9,5.82,1,1,86.4,62.9,95.0,34.0,0,2,0
STU2729,21,79.4,7.95,1,1,70.2,64.1,36.0,70.4,1,0,0
STU2243,23,79.1,7.59,0,0,49.9,70.7,82.1,94.6,0,1,0
STU1212,19,87.8,7.1,1,1,62.0,66.7,49.7,77.3,0,0,0
STU2768,22,81.4,8.45,0,1,65.9,54.7,52.1,41.7,0,0,0
STU2121,21,80.0,6.97,2,2,92.4,55.9,72.4,79.8,1,0,0
STU1680,20,81.4,5.7,0,0,87.4,53.9,72.4,56.2,0,1,0
STU2951,21,67.3,4.53,1,1,66.7,38.4,64.5,67.1,0,1,0
STU2839,22,72.2,6.77,0,0,87.2,57.9,48.5,83.4,0,0,0
STU1412,18,94.9,6.66,3,4,80.3,59.3,77.3,58.3,0,1,0
STU2325,21,86.9,6.82,2,1,65.0,59.6,61.0,60.1,0,0,0
STU1783,23,82.0,5.95,1,1,79.1,69.4,68.6,31.9,0,4,0
STU2346,24,73.2,6.13,2,2,58.4,54.1,40.4,57.7,0,1,1
STU1875,18,77.4,5.76,1,2,59.9,64.8,79.3,50.7,1,2,0
STU2653,21,86.2,7.58,1,1,95.3,78.1,81.1,59.7,0,0,0
STU2279,21,66.8,6.36,2,1,100.0,51.1,57.1,60.5,0,3,0
STU1786,21,77.1,5.24,0,0,78.3,66.5,59.5,70.5,1,1,0
STU2819,21,94.7,7.24,0,0,82.1,53.8,58.2,64.0,0,1,0
STU2199,22,88.3,6.2,2,3,97.0,61.0,57.7,68.2,0,2,1
STU1808,19,53.0,6.2,0,0,100.0,25.0,62.9,74.8,0,1,0
STU1713,19,75.1,7.91,0,0,88.3,53.8,66.5,55.9,0,0,0
STU2991,21,79.4,4.68,1,1,43.5,84.4,35.3,73.6,0,2,0
STU2660,21,76.1,6.97,2,2,70.2,70.4,73.7,97.3,0,1,0
STU2191,22,58.9,6.91,2,2,78.5,45.9,57.0,50.2,0,0,0
STU2226,21,68.9,7.19,1,1,78.1,56.3,76.2,83.9,1,1,0
STU1603,22,74.9,6.75,1,0,82.8,80.1,47.8,58.8,0,0,1
STU1271,20,81.0,5.53,1,2,88.3,68.3,69.0,44.4,0,0,0
STU2385,18,75.1,8.33,2,2,65.8,68.2,63.4,72.4,0,0,0
STU1232,20,63.1,7.5,2,3,72.7,45.2,72.6,59.0,0,1,0
STU1050,21,62.5,6.86,1,1,82.0,62.9,60.8,72.9,0,0,0
STU1463,18,74.1,7.89,0,0,63.4,71.5,53.9,33.5,0,0,0
STU2106,21,76.5,5.98,1,1,46.6,71.8,48.1,36.9,0,2,1
STU1856,21,94.9,8.01,0,0,51.3,59.3,31.7,59.3,0,0,0
STU1694,18,71.6,6.06,1,2,59.5,83.0,51.4,66.4,0,1,0
STU2552,20,61.8,6.64,0,0,50.8,37.7,56.3,81.6,0,2,0
STU2873,20,70.1,6.98,2,1,61.4,56.3,47.9,64.4,1,2,1
STU1527,22,75.2,6.56,0,0,66.3,60.8,76.8,36.5,0,1,0
STU1174,19,61.4,6.05,2,2,67.6,57.5,47.7,77.0,0,2,0
STU1721,20,78.1,4.05,1,1,81.1,54.8,68.3,32.6,1,2,0
STU1415,20,89.3,6.64,0,0,97.9,53.2,68.2,57.9,0,0,0
STU1238,20,74.9,7.03,1,2,83.1,62.3,40.8,100.0,0,1,0
STU2473,20,89.1,7.27,1,1,72.8,58.5,45.2,53.6,1,0,0
STU2336,23,72.6,5.74,0,0,69.7,81.4,63.0,83.8,0,0,0
STU2064,22,78.0,6.58,0,1,65.6,41.6,60.6,72.2,0,0,0
STU1024,20,75.2,5.26,1,1,78.2,77.2,38.3,65.3,0,2,0
STU2767,19,87.1,6.31,1,3,80.0,55.3,65.7,52.8,0,0,0
STU1064,21,80.6,6.17,0,3,60.5,41.3,51.5,79.0,0,0,0
STU1290,20,57.0,7.21,0,0,53.0,83.5,65.8,59.1,1,0,1
STU1189,19,100.0,6.07,1,2,67.2,72.9,72.3,48.0,1,2,0
STU1702,20,62.7,6.31,1,0,66.9,44.2,69.8,66.9,0,2,0
STU2815,21,89.8,7.57,0,0,68.0,82.9,59.8,74.6,0,0,0
STU2138,21,88.8,7.26,0,0,62.4,58.5,59.5,83.3,0,1,0
STU1355,22,61.8,5.77,1,1,64.1,64.1,81.5,71.1,0,0,0
STU1417,22,67.1,8.04,0,0,68.7,59.5,44.2,45.7,0,0,0
STU2246,21,80.0,6.94,0,0,51.7,51.1,50.0,74.4,0,0,0
STU1931,21,67.0,7.48,0,0,79.5,69.0,48.8,49.8,0,1,0
STU1197,21,73.8,7.08,0,0,84.6,79.2,65.1,63.8,0,2,0
STU1580,21,92.5,7.56,1,0,61.3,83.3,51.2,81.7,0,1,0
STU2135,20,69.7,6.26,1,1,77.5,93.9,52.7,67.6,0,3,1
STU2814,20,73.1,7.68,2,1,65.0,59.2,59.2,70.1,0,0,0
STU2935,19,80.8,5.22,3,5,85.5,59.4,76.6,64.5,0,1,0
STU1434,18,77.2,7.18,0,0,87.4,90.5,50.6,73.4,0,2,0
STU1101,20,79.1,7.36,1,0,65.9,63.9,60.9,53.3,0,0,0
STU2655,20,83.5,6.25,0,0,87.5,89.3,58.0,80.3,0,1,0
STU1395,21,65.4,5.64,1,1,100.0,89.3,60.1,54.8,0,0,0
STU2939,20,76.8,7.05,0,0,83.0,87.2,95.0,69.9,1,0,0
STU1221,20,77.1,8.42,0,0,70.9,32.7,72.1,62.1,0,1,0
STU2676,18,99.7,6.29,0,0,87.9,74.8,84.2,78.1,1,0,0
STU2498,19,89.0,7.39,0,1,64.9,65.5,71.0,41.2,0,1,0
STU2785,21,97.9,6.74,1,2,49.9,55.5,59.4,61.0,0,3,0
STU1345,23,85.7,6.24,0,0,81.8,57.2,87.3,95.2,0,1,0
STU2028,21,59.7,6.63,0,0,70.6,69.1,52.7,54.8,1,2,0
STU1889,18,71.2,6.63,1,1,90.4,69.1,74.0,71.2,0,1,0
STU2351,20,76.8,6.24,2,2,93.4,52.9,62.4,62.2,0,0,0
STU1553,21,70.8,6.11,4,4,71.1,74.7,38.5,83.6,0,1,0
STU1744,18,54.7,6.72,0,0,94.1,50.2,66.3,62.8,0,1,0
STU2542,22,80.2,7.17,1,0,65.8,73.3,73.0,53.3,0,2,0
STU1539,18,83.4,5.69,1,1,86.4,47.8,66.2,94.7,0,0,0
STU1907,20,89.7,7.59,0,0,73.8,78.2,64.1,79.0,1,0,0
STU2395,18,83.0,7.09,0,0,43.7,79.7,57.2,86.1,0,0,0
STU1116,20,72.9,6.19,0,0,68.6,41.6,71.0,62.4,0,0,1
STU1830,18,100.0,4.91,0,0,62.3,76.9,51.5,48.7,0,2,0
STU2938,19,81.6,7.56,1,1,94.4,69.6,50.5,70.8,0,0,0
STU1809,20,79.3,6.23,2,2,100.0,68.1,82.9,46.9,0,0,1
STU2311,19,69.9,5.82,0,0,80.7,52.4,54.0,65.0,1,1,0
STU2005,21,72.8,7.03,0,0,68.6,70.3,68.8,54.6,1,4,0
STU1306,19,70.1,6.8,1,1,70.6,95.0,38.1,75.8,0,0,0
STU2101,22,63.8,5.92,1,1,75.0,53.2,66.9,87.6,1,1,0
STU1480,24,72.6,7.19,0,0,73.3,71.6,58.4,71.1,0,2,0
STU2424,22,64.3,6.76,2,1,58.8,81.5,70.5,29.8,0,0,0
STU2076,21,65.7,6.84,0,0,89.9,69.1,84.9,62.9,0,0,0
STU1571,19,100.0,6.7,0,0,90.6,76.6,65.2,77.5,0,0,0
STU1619,20,66.7,9.53,1,0,72.8,63.4,59.0,70.0,0,1,0
STU2898,21,97.5,8.47,2,2,76.2,51.8,77.7,70.4,0,3,0
STU2266,20,80.7,6.7,0,1,56.4,73.4,89.9,15.0,0,0,0
STU1079,21,50.1,6.4,0,0,78.7,62.1,54.4,56.4,0,1,0
STU2912,21,100.0,7.0,0,1,77.4,83.8,39.3,53.2,0,1,0
STU1033,20,83.9,7.39,0,1,63.1,66.8,66.6,75.9,0,2,0
STU2538,18,72.0,4.59,0,0,95.5,62.1,48.1,82.4,1,0,0
STU2034,21,80.3,6.75,1,1,75.3,71.0,57.6,80.2,0,0,0
STU2563,19,60.9,7.25,1,0,45.9,54.2,80.9,83.2,0,1,0
STU1352,22,83.5,5.65,1,2,78.1,65.3,66.8,81.3,1,1,0
STU1164,19,83.6,5.45,1,0,94.1,79.1,70.0,63.5,0,0,0
STU1204,21,83.3,8.92,0,0,84.8,76.6,86.8,82.4,0,1,0
STU2054,24,75.1,6.07,0,0,81.1,78.4,52.0,73.4,0,1,0
STU2365,20,81.8,7.09,1,0,94.1,46.1,82.0,98.0,0,1,0
STU2967,21,64.1,6.0,2,3,70.4,80.9,60.4,53.3,1,5,0
STU1496,22,100.0,5.43,0,0,91.9,63.6,46.0,65.1,0,0,0
STU2625,21,75.2,6.32,0,0,52.5,64.3,41.4,65.3,0,2,0
STU2966,21,66.4,8.02,1,1,82.6,49.5,67.9,80.3,1,0,0
STU2963,20,82.2,8.39,1,0,63.9,78.8,51.0,70.8,0,0,0
STU1611,19,56.0,6.9,1,0,66.0,46.2,60.5,51.2,0,0,0
STU1433,20,63.8,7.33,0,0,91.1,67.4,66.8,66.1,0,0,0
STU2492,20,64.5,4.45,1,1,97.9,67.2,68.7,73.8,0,0,1
STU1219,20,68.2,8.52,1,2,73.6,57.3,69.7,49.3,0,0,0
STU2931,18,63.3,7.33,2,2,80.1,81.0,60.6,44.0,0,0,0
STU2466,21,100.0,7.29,0,0,91.1,58.3,31.8,62.8,0,0,0
STU1631,23,77.1,5.04,1,2,77.0,70.0,41.4,48.0,0,0,0
STU2382,18,79.9,6.13,1,1,61.6,64.2,74.4,60.6,0,0,0
STU2302,18,100.0,5.99,1,0,63.0,65.5,76.9,73.4,0,1,0
STU1060,22,62.9,6.7,2,2,100.0,69.1,65.1,80.3,0,0,0
STU1299,18,69.9,8.48,1,1,96.9,46.1,54.8,100.0,0,0,0
STU2711,20,81.6,7.67,2,2,51.0,71.3,62.1,74.3,0,1,0
STU1074,21,72.9,8.22,1,0,74.3,58.6,38.1,74.5,0,0,0
STU1163,23,91.6,7.33,2,2,69.8,73.5,87.9,66.1,0,1,0
STU2275,20,53.0,6.14,0,0,65.1,50.5,40.8,71.1,0,1,0
STU2594,20,81.4,7.19,0,0,57.1,59.9,43.6,90.4,0,1,0
STU2434,18,77.3,7.82,1,0,44.1,59.2,48.0,75.7,0,0,0
STU2613,20,69.0,6.12,1,1,61.9,59.2,60.3,79.3,0,2,1
STU1592,21,100.0,8.35,2,2,87.6,66.4,47.0,25.2,0,2,0
STU1317,21,72.5,7.41,2,2,99.0,67.9,64.1,76.5,0,0,0
STU1046,21,64.1,6.65,0,0,60.9,48.8,77.5,70.5,0,0,0
STU2720,19,79.4,7.27,1,2,74.6,62.3,85.3,77.0,0,0,0
STU2832,21,100.0,7.01,0,0,62.8,69.9,68.1,44.1,0,0,0
STU1428,23,69.1,5.41,0,0,88.2,77.5,50.1,65.1,0,0,0
STU1582,19,87.6,7.6,1,1,83.0,50.4,53.6,78.3,1,1,0
STU1077,20,75.6,4.19,0,0,92.1,81.1,84.1,80.3,0,1,0
STU2917,20,72.2,6.86,2,2,97.6,29.4,41.6,67.2,0,2,0
STU2415,22,62.7,8.16,1,2,59.7,70.8,70.1,68.9,0,1,0
STU1781,20,94.1,6.45,0,0,52.4,59.3,64.4,68.0,0,1,0
STU2920,19,80.7,6.51,1,1,100.0,80.6,73.8,54.4,1,1,0
STU2174,19,76.5,5.84,0,0,69.3,74.5,74.9,52.6,0,0,0
STU2320,22,85.3,7.05,1,1,72.8,70.1,88.0,54.6,0,1,0
STU1938,20,93.1,5.13,1,2,76.5,36.7,61.9,56.0,0,0,0
STU1031,23,91.7,5.58,0,0,76.1,48.4,88.7,73.9,0,1,0
STU2092,21,68.0,7.28,2,1,91.2,30.6,41.8,45.8,0,2,1
STU2616,21,86.3,6.41,1,1,64.6,55.8,69.3,98.5,0,1,0
STU2230,21,58.6,6.49,0,0,63.4,66.0,41.9,79.1,0,2,0
STU1975,19,77.4,6.35,0,0,76.2,73.1,45.2,75.4,0,1,0
STU2085,21,70.4,7.51,0,0,64.1,67.8,82.2,50.9,0,1,0
STU1515,22,77.5,6.89,3,3,51.2,59.5,72.6,87.9,0,2,0
STU2551,18,67.1,7.52,0,1,57.6,35.5,74.0,69.1,0,1,0
STU2568,21,61.7,5.59,0,0,80.8,48.6,68.2,55.4,0,0,0
STU2811,18,79.2,8.69,0,0,74.5,62.0,82.8,59.0,0,1,0
STU2574,20,75.1,7.42,1,2,71.1,61.5,52.9,91.4,0,0,0
STU1045,21,59.5,5.84,0,1,37.6,67.3,56.8,42.2,0,1,0
STU2687,20,61.4,8.33,0,0,95.9,69.4,81.1,59.5,1,2,0
STU1169,20,67.1,6.71,0,0,76.1,62.7,70.9,61.9,0,1,0
STU1304,20,70.8,6.21,0,2,92.3,59.1,64.6,73.4,0,0,0
STU1991,22,83.7,5.24,2,4,66.8,81.5,55.3,48.0,0,0,0
STU1556,20,71.4,8.42,0,0,96.2,59.2,26.6,47.0,0,1,0
STU2925,20,76.2,5.54,0,1,85.8,71.2,81.5,54.1,0,2,0
STU1608,21,73.6,8.1,2,3,96.0,59.9,30.2,42.3,1,1,0
STU2619,21,80.2,6.83,0,1,82.9,45.7,60.9,73.9,0,0,0
STU1758,22,80.0,7.65,2,2,79.7,74.3,73.7,56.9,0,1,0
STU1439,20,87.9,5.4,0,0,67.6,55.5,65.4,74.4,0,2,0
STU1583,20,75.0,6.95,0,0,70.2,87.2,61.3,47.5,0,0,0
STU2519,20,76.2,7.61,0,0,75.2,61.7,80.0,83.5,0,1,0
STU1528,21,71.5,6.99,0,2,78.0,40.4,49.2,49.5,0,0,0
STU1343,21,51.3,6.72,0,0,54.1,78.6,69.8,58.8,0,1,0
STU2737,19,70.1,7.25,1,1,65.3,82.5,65.3,75.5,0,0,0
STU1368,19,71.3,6.62,0,0,82.0,69.6,45.3,37.6,0,0,1
STU1186,22,76.2,7.18,1,2,98.0,73.6,85.1,65.9,1,0,1
STU2117,22,68.0,7.6,1,2,55.5,63.0,79.4,57.4,1,1,0
STU2755,22,73.3,5.93,0,1,64.1,70.2,44.3,52.9,0,1,0
STU2426,19,80.5,6.17,0,0,83.6,57.4,56.5,54.6,0,1,0
STU1301,23,70.1,6.36,1,1,100.0,57.5,73.5,69.0,0,2,0
STU2904,20,73.2,6.94,1,1,84.4,81.7,62.6,71.9,1,1,0
STU1833,19,87.6,5.71,0,0,77.7,78.9,78.6,53.7,0,2,0
STU1544,20,85.4,5.83,0,0,78.6,80.6,37.7,60.6,0,2,0
STU2601,20,87.6,8.49,2,2,91.2,70.3,56.5,64.3,0,1,0
STU1351,21,83.8,6.6,2,2,83.9,29.9,63.9,66.5,0,1,0
STU2933,19,80.2,6.56,0,0,74.1,39.4,58.8,78.0,0,3,0
STU2511,21,82.1,7.2,0,0,86.8,65.8,49.8,51.2,0,1,0
STU1979,19,68.7,7.93,0,0,74.6,60.4,62.4,62.5,0,0,0
STU1176,21,76.6,6.29,1,1,59.4,63.4,88.0,56.9,0,1,0
STU1483,21,78.6,7.23,0,0,86.4,51.7,64.9,38.8,0,3,0
STU2413,18,77.6,6.26,1,0,70.7,71.7,95.0,93.4,0,4,0
STU2611,21,83.7,7.72,1,0,81.1,45.9,79.4,27.0,0,0,0
STU1124,22,76.8,7.16,0,2,46.2,73.9,34.8,82.2,0,0,0
STU1600,18,88.5,8.69,1,0,74.4,62.1,72.4,70.9,0,1,0
STU2795,18,58.3,5.81,0,1,89.9,84.4,56.3,70.6,0,2,0
STU2746,19,71.6,7.67,1,1,75.5,64.0,65.6,55.2,1,1,1
STU2379,21,64.4,6.55,1,1,84.2,53.7,69.9,60.5,0,1,0
STU2186,19,59.6,7.03,1,0,38.0,61.3,58.8,73.1,0,0,1
STU1486,20,74.6,6.16,1,1,100.0,91.9,69.5,52.8,0,0,1
STU1332,21,57.4,5.61,0,0,96.5,82.8,70.1,63.1,0,1,0
STU1789,19,69.1,8.78,0,0,49.8,68.1,64.6,62.2,0,1,0
STU1195,19,78.1,8.08,1,0,82.0,42.8,69.3,28.1,0,0,0
STU1638,19,73.4,5.76,0,1,49.0,66.0,51.5,64.3,0,1,1
STU1472,20,70.8,6.05,1,1,62.1,77.2,76.3,45.5,0,0,0
STU2714,20,77.0,9.37,0,0,100.0,59.3,68.2,41.6,0,1,1
STU1323,22,89.7,5.3,0,1,82.4,47.2,70.7,74.0,0,0,0
STU2197,19,60.4,6.87,1,1,51.7,52.1,57.9,81.3,0,0,0
STU1267,21,83.3,6.0,0,0,94.8,64.0,37.6,82.4,0,0,0
STU2544,20,80.9,5.6,0,0,57.2,85.7,53.9,60.1,0,2,0
STU2804,20,79.6,7.92,1,1,72.0,66.6,74.2,38.3,0,1,0
STU1068,20,75.6,6.73,0,0,70.2,52.3,72.5,74.5,0,0,0
STU2738,20,94.5,7.46,1,3,85.2,80.8,46.4,47.6,0,2,0
STU2593,20,97.6,7.73,2,2,63.4,68.9,74.8,92.6,0,1,0
STU2564,19,74.0,5.48,1,1,98.2,47.5,78.7,48.7,0,2,0
STU1481,21,97.8,7.02,1,0,73.7,84.8,74.0,52.3,0,1,0
STU2757,23,73.6,5.95,0,0,71.6,67.8,67.1,63.1,1,2,0
STU2913,21,70.3,7.37,1,1,98.2,42.6,59.1,75.2,0,1,0
STU2441,20,99.8,6.79,1,0,85.5,70.1,51.1,80.9,0,1,0
STU2461,22,77.2,7.36,0,0,94.9,52.1,61.1,64.1,1,1,0
STU1888,20,77.7,8.39,2,2,53.2,61.7,58.3,83.0,0,0,0
STU1423,20,94.6,5.38,0,0,80.7,70.6,64.3,79.6,0,0,0
STU2675,20,59.7,6.47,0,0,71.0,60.5,69.5,40.1,0,0,0
STU2450,20,75.5,6.96,0,0,100.0,73.1,60.1,95.4,1,2,0
STU1765,21,69.5,8.01,0,0,97.2,65.8,75.7,39.2,0,0,0
STU1520,23,55.5,5.06,2,2,83.5,53.0,80.7,75.8,1,0,0
STU2432,19,92.8,7.12,0,0,100.0,61.1,63.2,77.1,0,1,0
STU1614,21,71.3,6.13,0,1,100.0,43.0,65.8,66.2,0,2,0
STU2531,21,94.7,6.08,1,1,89.2,74.8,58.4,55.3,0,4,0
STU2783,18,64.7,5.62,0,0,72.7,89.0,43.3,78.0,1,0,0
STU2659,21,65.1,6.81,1,0,65.4,80.1,74.2,54.6,0,1,0
STU1454,23,66.1,7.21,2,1,100.0,52.3,40.5,71.7,0,0,0
STU1731,21,62.0,6.64,1,1,74.2,47.3,56.9,92.1,0,1,0
STU1535,18,73.9,6.79,0,0,77.9,53.8,64.3,70.0,0,0,0
STU1966,19,56.8,6.93,1,2,100.0,75.3,59.8,85.6,0,1,1
STU2285,21,67.1,7.1,2,2,82.4,67.5,63.4,49.0,0,0,0
STU2740,21,70.3,7.93,0,2,80.1,48.0,86.9,72.4,0,1,0
STU1262,20,66.6,7.92,2,1,88.2,40.1,54.9,58.9,0,1,0
STU1536,21,88.5,7.17,0,0,64.6,83.1,67.4,58.8,0,2,0
STU1969,22,100.0,6.47,1,1,72.5,84.4,50.9,62.5,0,0,0
STU1241,19,90.8,6.83,0,0,70.8,60.6,73.1,95.0,0,1,0
STU1820,19,86.1,5.42,0,0,100.0,46.2,67.9,48.0,0,2,1
STU1693,22,75.2,7.07,2,2,96.3,57.1,81.9,87.1,0,0,0
STU1421,21,53.7,7.96,0,1,99.0,43.9,66.7,58.7,0,0,0
STU2086,20,84.9,8.1,0,0,60.6,59.0,61.9,36.0,1,1,0
STU2999,20,68.2,7.0,1,1,38.9,61.0,84.3,95.6,0,1,0
STU1366,22,93.8,7.77,2,1,80.0,58.1,80.8,68.9,0,1,0
STU2023,21,80.8,6.4,0,0,59.3,68.9,62.8,76.1,0,1,0
STU2241,22,89.4,7.65,0,0,67.9,58.5,65.3,47.2,0,0,0
STU1589,21,79.7,5.09,1,1,66.8,65.6,85.0,67.6,1,1,0
STU1737,22,64.7,6.02,0,1,74.0,50.8,58.4,59.6,0,0,1
STU2762,19,85.1,7.37,0,0,72.4,75.1,77.7,71.2,0,0,0
STU1942,22,91.2,6.28,3,3,88.4,75.7,67.0,80.5,0,2,0
STU1072,19,59.1,6.64,1,1,79.6,81.9,66.8,53.0,0,2,0
STU2408,21,96.1,6.83,1,2,84.3,72.0,58.8,76.3,1,0,0
STU1260,19,82.6,6.43,0,0,65.9,61.0,52.2,69.4,0,0,0
STU1052,21,61.3,6.7,0,0,80.2,56.6,43.9,81.7,0,2,0
STU1199,20,73.4,4.76,4,3,73.0,31.6,69.8,38.6,0,0,1
STU2789,21,97.4,6.07,0,0,100.0,55.3,57.9,31.0,0,0,0
STU1651,23,63.3,5.86,2,2,100.0,72.5,65.4,65.4,0,0,0
STU1333,20,79.1,8.33,0,0,69.0,59.9,59.3,97.9,0,2,0
STU2360,20,78.0,6.67,0,0,68.6,80.2,77.3,82.8,0,1,0
STU1594,18,84.6,6.51,1,0,58.1,50.2,55.9,48.7,0,0,0
STU2392,22,55.3,5.38,0,0,80.1,63.3,64.8,69.2,0,1,0
STU2801,20,72.2,6.33,4,4,58.2,75.5,86.9,55.0,0,1,0
STU2315,21,89.0,6.77,2,2,93.3,77.0,80.7,62.2,1,2,1
STU2112,20,90.6,6.57,1,0,86.5,85.8,92.4,73.5,0,0,0
STU2007,21,52.3,5.15,0,0,100.0,64.9,65.9,60.3,1,2,0
STU2327,21,83.0,8.82,1,1,79.7,59.4,93.7,98.8,0,1,0
STU1427,22,100.0,6.97,1,1,74.9,59.5,51.4,57.1,1,0,0
STU2559,22,83.0,6.22,0,0,87.6,61.7,73.3,30.6,0,0,0
STU2294,18,82.6,9.23,3,3,67.9,68.6,59.8,82.0,0,1,0
STU1591,19,66.0,7.65,2,2,91.7,47.9,55.7,43.9,1,0,1
STU2958,19,87.8,7.58,1,0,84.7,57.5,56.0,84.8,0,1,0
STU2977,18,79.8,6.41,1,1,74.1,71.8,74.3,85.3,0,1,0
STU2133,20,76.6,6.81,0,0,86.2,27.2,78.5,64.7,0,0,0
STU1986,21,70.6,7.22,0,0,79.2,62.6,95.0,83.4,0,1,0
STU1399,21,68.3,5.79,1,1,68.5,66.9,35.5,30.3,0,2,1
STU2512,21,59.3,6.81,1,1,73.4,60.0,24.5,53.1,0,0,0
STU1437,20,64.2,6.38,0,3,65.1,74.2,43.2,40.7,0,0,0
STU1193,20,64.0,7.38,0,0,74.6,56.5,55.0,83.2,0,1,0
STU2436,20,82.3,6.13,0,0,89.9,45.8,72.8,83.1,0,0,0
STU1615,19,53.7,6.25,0,0,61.5,43.9,73.1,76.8,0,1,0
STU2494,19,78.9,6.26,0,0,71.2,41.1,89.9,76.2,0,0,0
STU1577,22,66.2,5.9,1,1,57.0,81.3,70.3,60.1,0,0,0
STU1987,19,78.5,7.19,0,1,64.1,74.0,58.5,89.5,0,0,0
STU2433,19,71.9,5.71,0,0,67.7,55.1,53.3,62.5,0,2,0
STU1707,19,80.8,7.22,0,0,83.1,37.2,47.6,91.2,0,1,0
STU2259,23,65.5,5.31,0,0,82.6,62.2,49.8,74.2,1,0,0
STU1142,19,72.0,10.0,1,1,80.6,69.7,78.6,72.9,0,2,0
STU2358,20,69.7,6.74,0,1,71.1,44.7,25.3,43.5,0,0,0
STU1003,21,81.2,7.07,0,0,66.6,67.4,49.2,75.1,0,0,0
STU2222,22,77.0,4.82,2,1,74.4,60.6,64.5,36.1,0,0,0
STU2870,21,82.8,8.82,2,1,79.3,36.8,55.2,28.4,0,1,0
STU2623,21,65.4,7.46,0,0,94.2,55.5,92.5,39.1,0,0,1
STU1340,21,86.1,6.55,0,0,92.4,79.3,69.7,26.8,0,0,0
STU2770,24,85.0,6.95,0,0,77.9,46.4,68.0,64.3,0,0,0
STU2537,21,87.3,5.91,1,0,97.5,66.6,73.5,37.9,0,0,0
STU1484,21,75.6,7.03,1,2,76.5,51.1,61.6,73.8,0,1,0
STU1266,22,85.5,6.32,0,0,71.0,54.3,65.6,82.2,0,1,0
STU1377,20,82.1,5.29,1,2,100.0,75.9,60.5,59.6,0,0,0
STU1742,22,83.8,6.69,0,1,49.9,58.5,58.9,59.4,0,1,0
STU2014,18,77.4,8.47,0,1,62.7,68.5,67.8,69.1,0,0,0
STU1440,21,74.4,5.84,1,0,69.2,92.9,63.2,92.1,0,0,0
STU1272,21,62.9,5.72,1,0,76.9,64.1,72.1,63.6,0,0,0
STU1185,21,55.1,6.77,2,2,68.2,78.1,78.4,72.9,0,0,0
STU1940,22,67.0,5.85,0,0,67.6,72.6,93.1,72.0,0,0,0
STU1245,23,81.9,7.02,0,1,60.3,66.0,58.6,77.9,1,0,0
STU1932,21,86.4,5.89,0,0,72.4,60.4,43.4,27.0,0,1,0
STU1446,19,100.0,5.72,0,0,53.2,55.3,57.0,48.6,0,0,0
STU1597,20,90.9,6.44,0,0,60.6,88.3,43.7,82.4,1,0,0
STU1818,21,85.4,6.65,2,3,82.1,82.1,61.3,86.0,0,0,0
STU2273,20,73.9,6.18,0,1,82.0,66.9,69.5,73.2,0,0,0
STU2677,22,63.4,5.15,2,2,67.6,71.9,63.2,86.9,0,1,0
STU1487,19,77.3,8.49,0,0,94.0,72.8,74.2,36.0,0,0,0
STU1681,22,90.8,8.41,1,1,66.1,59.7,64.1,51.4,0,4,0
STU1416,21,92.3,5.93,0,0,89.0,77.4,48.3,67.6,1,3,0
STU1274,23,86.9,8.64,0,0,84.9,55.6,50.7,81.9,0,0,0
STU2472,22,72.4,6.32,0,0,73.7,72.5,58.6,64.3,0,0,0
STU2830,20,62.5,6.26,0,0,57.3,71.4,93.3,61.1,0,1,0
STU2455,22,93.5,6.07,0,0,77.7,69.2,80.3,59.5,1,0,0
STU1251,20,63.6,6.53,1,0,76.5,67.6,43.9,48.4,1,4,0
STU1414,21,58.7,6.05,1,1,79.0,46.2,37.5,55.9,0,0,0
STU2386,21,81.1,7.95,1,2,97.4,72.4,38.9,64.1,0,0,0
STU2308,22,84.4,6.49,2,2,71.7,36.7,67.0,69.9,0,1,1
STU1716,19,76.8,8.44,1,1,100.0,60.2,33.1,81.3,0,0,0
STU1311,22,85.9,7.13,0,0,84.1,64.0,55.1,53.8,0,2,0
STU1927,20,85.6,8.0,0,0,88.1,83.6,60.9,76.5,1,1,1
STU1382,22,85.5,7.11,0,0,99.6,49.4,71.2,54.9,1,0,0
STU2566,20,96.1,7.31,0,0,68.0,83.4,55.8,93.9,1,0,0
STU1426,20,89.6,7.53,0,1,67.9,47.9,63.9,74.3,0,1,0
STU2875,19,60.7,5.52,0,1,64.0,70.4,49.5,26.1,0,1,0
STU1533,20,78.9,8.59,1,1,60.3,64.8,40.2,87.7,0,0,0
STU1753,19,56.6,7.31,0,0,78.1,63.0,51.9,40.9,1,0,0
STU1766,18,67.7,7.17,3,4,57.7,44.6,60.8,52.9,0,1,1
STU2357,20,68.5,4.86,1,1,67.1,50.7,64.8,71.7,0,0,0
STU1409,18,47.5,6.74,1,1,85.1,95.0,86.1,95.1,0,0,0
STU2615,20,53.8,7.57,0,0,88.1,59.9,44.6,53.5,0,1,0
STU1695,19,92.8,6.68,0,0,73.0,69.0,42.0,64.0,0,1,0
STU2739,19,67.9,5.02,3,3,100.0,83.3,52.3,41.4,1,1,0
STU1549,21,55.2,6.94,1,3,81.2,69.1,48.7,100.0,0,0,1
STU1937,19,54.8,7.06,1,1,74.4,80.0,68.9,75.8,0,1,0
STU2390,19,69.9,6.53,0,0,78.0,42.2,76.1,60.1,0,2,0
STU2608,21,93.6,6.9,0,0,95.9,74.8,75.7,43.7,0,0,0
STU2940,19,93.8,7.41,1,0,80.2,45.7,55.6,47.3,0,0,0
STU2482,21,86.7,6.27,1,1,59.0,77.2,66.7,72.5,0,1,0
STU1183,20,53.7,5.38,0,0,82.0,61.5,85.0,56.9,0,2,0
STU2941,19,77.4,4.96,0,0,100.0,72.5,90.1,74.0,0,2,0
STU2161,19,75.4,6.75,0,1,81.8,44.0,52.9,87.3,0,0,0
STU1171,20,65.8,7.86,0,0,50.1,36.5,70.8,48.4,0,0,0
STU1293,22,90.4,5.93,0,0,74.2,80.2,65.4,48.8,0,1,0
STU1562,21,76.6,6.07,0,1,88.3,61.5,71.1,87.1,0,1,0
STU2457,23,78.8,4.94,1,1,77.7,68.7,62.0,52.6,1,0,0
STU2877,21,62.5,6.3,0,0,48.1,65.6,64.8,48.7,1,0,0
STU2652,22,79.1,5.37,1,2,51.7,45.9,46.0,82.0,0,0,0
STU1850,22,87.7,6.82,0,1,70.1,57.0,86.5,83.1,0,2,0
STU1273,20,83.6,7.19,0,0,82.0,33.1,51.2,76.4,1,0,0
STU2550,21,82.8,5.79,0,0,51.4,59.6,41.6,54.0,0,1,0
STU2035,20,89.1,7.81,0,0,67.4,87.1,70.5,66.6,0,1,0
STU2744,19,83.6,7.45,1,2,81.6,53.0,77.0,34.3,0,1,0
STU1372,22,73.1,6.21,1,2,68.1,56.7,57.4,61.7,0,0,0
STU2670,20,77.6,7.32,0,1,74.4,60.4,67.1,49.3,1,1,0
STU1722,22,91.5,5.89,1,2,72.1,42.5,43.9,60.4,0,1,0
STU1734,20,70.5,4.56,0,0,44.1,67.5,45.8,77.4,0,2,0
STU1778,21,70.4,5.49,1,1,91.1,57.5,67.5,56.8,1,2,0
STU1519,22,82.7,6.51,0,0,96.1,53.8,57.0,65.7,0,0,0
STU1335,21,70.1,7.38,0,0,63.6,71.2,80.6,75.9,0,1,0
STU1846,21,63.5,7.67,0,0,76.1,71.2,69.2,51.9,0,0,0
STU2252,22,75.5,8.23,1,1,67.3,64.5,54.6,77.6,0,1,0
STU2053,21,65.2,7.9,1,1,64.3,62.6,61.4,76.2,0,0,0
STU2924,22,84.0,5.6,2,2,89.8,52.1,61.9,77.1,0,0,0
STU1016,19,77.9,6.69,0,1,81.8,68.5,66.0,64.2,0,0,0
STU1708,21,41.7,6.45,0,1,81.1,46.6,69.5,82.9,0,1,0
STU1901,21,69.3,4.72,1,2,67.1,69.6,64.4,65.2,0,1,0
STU2980,21,85.3,5.4,2,1,74.3,63.8,64.6,73.3,0,1,0
STU2573,21,80.4,5.24,1,1,81.7,62.4,63.2,68.9,0,1,0
STU1904,23,69.6,6.98,1,1,75.8,32.0,65.0,53.3,0,1,0
STU1466,20,66.7,7.34,1,1,70.9,72.0,66.9,97.3,1,1,0
STU2978,21,73.0,6.24,1,3,65.5,52.2,66.7,70.7,0,2,0
STU1200,20,66.2,7.12,1,1,82.7,55.5,71.9,96.9,1,1,0
STU2207,20,81.8,5.33,1,1,92.0,63.3,58.4,79.5,0,1,0
STU2056,22,62.3,6.78,0,0,89.3,89.3,61.5,58.6,1,1,0
STU2132,20,68.0,6.81,0,0,91.4,52.2,70.4,47.9,0,1,0
STU2380,22,72.7,7.79,2,1,75.9,75.8,51.9,48.5,0,0,0
STU1999,21,85.8,6.85,0,0,93.8,81.1,70.9,70.4,0,1,0
STU1728,21,74.0,5.74,0,2,73.4,85.5,52.0,55.1,0,1,0
STU2772,21,59.9,7.39,0,1,71.5,76.6,53.1,74.3,0,2,0
STU2910,21,58.0,8.17,1,1,86.6,63.5,68.0,42.8,0,1,0
STU2822,22,90.8,5.47,2,2,100.0,64.5,55.0,71.5,1,0,1
STU1568,20,81.3,6.98,0,1,80.8,66.1,60.0,68.2,0,0,0
STU1044,21,66.8,5.36,1,0,65.5,49.2,60.0,56.0,0,0,0
STU1275,23,77.5,7.19,1,1,83.3,76.3,61.5,73.6,0,1,0
STU2097,23,91.9,7.88,0,0,74.4,88.1,60.1,70.3,1,0,0
STU1102,22,55.4,6.97,1,2,100.0,93.6,46.9,84.1,0,1,0
STU2232,19,94.1,5.21,0,0,79.8,29.4,60.4,68.1,1,0,0
STU2722,19,84.4,7.6,1,1,85.4,60.1,50.1,55.1,0,0,0
STU2833,19,73.9,7.0,1,0,92.9,60.9,80.1,59.5,0,2,0
STU1108,20,63.4,8.08,1,0,53.6,67.8,46.8,45.0,0,0,0
STU2618,18,67.6,6.7,0,0,88.8,69.3,72.2,80.9,0,0,0
STU1498,20,49.7,4.65,0,0,78.7,66.7,91.7,66.6,1,1,0
STU2981,21,79.9,6.05,1,3,68.6,68.2,54.9,73.3,1,0,0
STU1882,22,86.7,7.07,1,1,58.1,84.0,42.8,85.5,1,2,0
STU1757,19,83.7,6.97,1,1,92.3,69.4,53.8,64.5,0,3,0
STU1620,22,95.9,7.39,2,3,83.2,50.6,54.6,67.6,0,1,0
STU2107,19,85.1,7.69,1,1,64.3,61.0,73.9,49.1,0,1,0
STU2936,23,78.5,5.64,0,0,58.2,39.3,66.3,55.4,0,0,0
STU1810,21,59.5,6.73,2,2,100.0,51.5,37.6,78.4,0,3,0
STU2038,20,74.8,6.03,2,3,100.0,79.4,80.3,34.1,0,1,0
STU1073,19,52.3,6.64,0,0,80.1,72.3,64.3,76.3,0,1,1
STU2284,22,91.7,7.71,1,0,56.3,76.2,70.3,63.1,0,0,0
STU2272,22,72.1,7.91,0,0,77.1,85.2,45.7,43.9,0,0,0
STU2335,21,76.7,7.9,2,1,73.4,76.3,68.2,65.9,0,0,0
STU2459,23,73.3,7.42,1,1,75.1,60.6,60.4,47.4,0,1,1
STU1482,22,65.4,6.76,1,2,83.1,59.9,82.8,48.8,0,0,0
STU2069,22,100.0,6.12,0,0,87.7,64.6,80.6,100.0,0,2,0
STU1507,24,94.3,7.55,1,0,74.1,91.3,50.6,70.7,0,1,0
STU2238,21,84.9,7.14,1,1,95.9,73.4,95.0,91.8,0,0,0
STU2862,19,84.6,8.01,1,2,90.9,34.9,78.5,75.8,0,1,0
STU2990,19,65.1,6.3,1,2,72.3,62.4,59.4,57.8,0,0,0
STU2477,23,50.3,5.92,1,1,60.6,77.5,64.4,49.1,0,0,0
STU2867,20,81.0,6.51,1,1,59.7,74.4,56.0,91.8,0,1,0
STU2456,20,65.8,7.37,0,1,73.5,45.3,80.7,79.6,1,0,0
STU1312,21,79.4,6.84,1,0,62.5,75.0,45.3,69.7,0,0,0
STU1963,19,79.7,7.05,0,0,79.5,64.2,77.4,66.0,0,1,0
STU1406,20,56.2,8.07,2,1,96.9,84.4,61.3,100.0,1,0,0
STU2331,18,76.2,7.19,0,0,79.2,68.7,40.4,60.3,0,3,0
STU2650,20,76.6,6.84,0,0,69.9,67.6,56.9,74.1,0,0,0
STU1310,23,79.1,4.42,1,0,63.7,59.4,49.4,46.1,0,2,0
STU1227,24,77.8,7.2,2,2,27.6,51.0,65.2,71.3,0,0,1
STU2858,22,76.1,6.78,1,1,91.4,45.6,92.9,57.8,0,1,0
STU1711,20,75.4,7.23,0,0,80.5,56.6,38.1,74.1,0,1,0
STU2944,18,84.4,4.02,0,0,68.9,49.9,82.5,44.2,0,1,0
STU2384,20,68.0,7.18,0,0,74.5,61.5,74.4,79.0,0,0,0
STU2786,22,61.4,8.57,0,0,65.9,83.9,34.3,81.2,1,0,0
STU1149,22,71.6,6.68,1,0,81.2,80.3,61.4,68.3,0,1,0
STU2555,19,87.1,6.63,0,0,61.5,75.6,74.6,100.0,0,2,0
STU2957,22,66.9,5.89,0,0,79.1,48.5,50.3,48.4,0,1,0
STU1926,23,86.8,7.92,1,1,75.8,43.5,73.7,59.6,0,1,0
STU1943,21,76.3,6.54,1,1,100.0,62.7,50.0,72.1,0,0,0
STU1837,20,82.7,4.79,0,1,53.8,46.5,52.8,53.7,0,1,0
STU1576,19,80.6,7.16,1,1,62.1,61.7,73.2,92.6,1,1,0
STU1558,19,86.1,7.26,0,0,64.8,51.1,70.3,65.3,1,4,0
STU2236,19,82.5,6.56,2,1,92.2,67.6,57.6,83.0,0,1,0
STU2361,20,75.3,6.3,1,3,70.8,60.6,70.4,63.4,0,1,0
STU2348,20,78.1,8.23,1,0,100.0,72.9,58.4,72.5,0,1,0
STU2162,20,82.6,5.32,1,3,85.1,74.3,76.8,68.4,0,2,0
STU2443,19,76.8,7.53,0,2,84.6,51.7,54.9,40.9,1,0,0
STU1287,21,84.4,6.09,1,2,59.8,44.1,65.8,71.3,0,0,0
STU2605,20,76.8,6.71,0,1,73.3,62.8,63.8,65.9,1,0,0
STU2058,21,70.3,6.41,0,0,76.8,60.4,43.2,88.0,0,1,0
STU1599,21,53.0,7.98,1,1,77.3,59.5,62.0,71.0,1,0,0
STU1933,22,90.1,8.53,1,0,91.0,81.5,48.8,49.6,0,1,0
STU2462,20,59.0,6.64,0,0,84.0,67.8,61.9,75.7,0,1,0
STU2638,22,92.0,7.95,1,1,73.8,68.7,81.7,48.1,0,1,0
STU2588,22,78.4,7.58,0,0,65.5,58.0,46.9,69.0,0,0,0
STU2041,19,91.1,6.81,0,0,56.3,59.3,73.7,41.7,0,0,0
STU2231,20,70.6,7.67,0,0,89.4,54.3,62.5,32.4,0,1,0
STU1807,20,96.7,8.78,1,1,81.7,50.9,77.1,75.7,0,1,0
STU1905,20,71.1,8.91,1,1,56.8,82.8,58.3,74.7,0,0,0
STU2680,20,77.0,7.65,2,2,63.4,65.6,56.6,44.9,1,2,0
STU2205,20,81.1,5.15,0,0,69.4,62.2,69.3,88.9,0,1,0
STU1768,20,97.0,7.86,0,0,88.6,54.0,87.0,57.7,0,1,0
STU1610,21,60.0,6.37,0,0,94.3,82.7,55.3,77.4,0,0,0
STU2993,21,72.3,7.04,0,1,79.7,68.0,73.9,81.6,1,1,0
STU2565,19,92.6,6.03,1,4,67.8,81.2,66.4,51.1,0,0,0
STU2423,21,88.8,6.62,0,0,80.1,37.6,50.4,62.2,0,0,0
STU2011,19,100.0,7.58,1,5,73.1,68.2,66.5,61.0,1,1,0
STU1494,21,66.9,5.83,1,1,72.4,54.2,70.7,60.7,0,0,0
STU2321,20,56.7,7.49,3,4,45.2,49.4,68.7,66.1,0,3,1
STU1278,19,98.6,6.56,0,2,71.7,50.2,80.9,62.3,0,0,0
STU2847,21,74.9,7.76,1,1,38.1,49.9,60.7,69.5,0,0,0
STU1359,19,90.5,6.35,0,0,57.6,49.7,63.1,79.9,0,1,0
STU2111,22,78.8,6.61,0,0,58.2,50.3,73.4,60.4,0,0,0
STU1237,18,75.5,7.0,0,0,89.9,66.0,60.8,63.9,0,3,0
STU1552,21,74.7,6.12,1,1,84.0,76.9,74.6,99.4,0,1,1
STU2868,21,96.0,8.12,1,1,66.0,54.3,62.1,82.6,0,0,0
STU2813,21,69.7,7.37,0,0,73.2,64.8,67.0,41.5,0,0,0
STU1209,19,83.3,7.92,0,0,98.9,44.1,46.6,72.6,0,1,0
STU2387,22,75.7,5.55,1,0,81.6,67.5,81.1,93.0,0,1,0
STU2561,20,84.6,8.42,1,1,87.1,62.8,74.8,60.3,1,1,0
STU1059,19,68.8,7.39,0,0,54.7,67.1,81.4,60.6,0,2,0
STU1632,24,64.2,5.23,0,0,67.5,57.5,92.7,59.8,1,0,0
STU2962,20,92.1,5.4,1,1,60.3,79.0,61.6,46.8,1,0,0
STU2860,19,80.7,8.12,0,2,60.7,85.9,57.4,70.3,0,0,0
STU2817,21,75.2,7.07,0,0,71.7,66.9,60.8,64.7,0,0,0
STU1364,19,81.8,6.2,2,3,58.2,62.1,53.0,47.1,0,1,1
STU1506,20,87.0,8.4,1,1,88.2,46.7,66.5,67.3,0,0,1
STU2166,19,80.1,6.1,0,1,89.8,79.1,61.2,59.6,0,0,0
STU2122,21,78.2,5.38,0,0,67.5,61.2,42.9,71.1,0,1,0
STU2630,22,83.6,8.72,3,3,92.3,75.3,61.5,83.6,0,0,0
STU2217,18,60.2,6.02,1,1,76.2,77.1,69.1,65.6,0,1,0
STU2152,22,65.1,6.72,0,0,75.7,87.4,51.7,61.0,0,1,0
STU2125,20,78.9,6.29,0,0,74.0,69.9,63.9,79.2,0,0,0
STU2595,21,71.5,7.26,2,2,66.4,56.5,56.0,68.4,0,2,0
STU1119,23,78.6,6.09,0,0,63.9,72.5,56.5,79.1,0,0,0
STU2250,18,78.2,5.92,2,2,88.5,44.0,51.8,49.1,0,0,0
STU2994,22,67.7,6.49,1,0,88.4,79.9,48.1,50.2,0,0,0
STU1523,22,73.4,6.66,0,0,100.0,71.6,50.4,58.6,0,1,0
STU1514,20,85.7,6.05,0,0,78.0,55.5,67.5,68.7,0,2,0
STU1082,20,80.6,7.66,1,2,66.1,68.3,63.4,77.7,0,0,0
STU1916,22,99.3,6.9,1,2,76.0,42.1,80.7,93.2,0,1,0
STU2019,20,80.5,5.61,0,0,78.8,81.2,62.2,57.9,1,0,0
STU1381,21,72.7,8.74,1,1,61.2,57.5,48.1,37.0,0,0,0
STU2030,22,79.3,4.91,1,1,88.1,77.2,73.6,43.4,0,1,0
STU2689,20,100.0,7.4,0,1,100.0,42.5,61.0,62.0,0,1,0
STU1085,19,88.3,7.83,1,1,69.7,55.5,67.6,48.9,1,0,0
STU2678,21,83.3,7.18,3,3,88.5,68.5,56.8,68.8,1,3,0
STU1330,20,88.0,5.03,2,3,79.4,76.0,58.5,75.6,0,2,0
STU1007,21,74.9,6.48,0,1,87.4,62.5,68.8,93.0,0,1,0
STU1746,22,89.9,7.05,0,0,62.5,47.7,78.7,61.7,0,1,0
STU2554,20,55.6,6.17,1,0,81.8,55.4,26.9,90.9,0,0,0
STU1915,22,80.3,8.0,1,0,62.4,43.5,88.2,41.2,0,0,0
STU1874,21,53.3,5.6,2,1,65.4,51.5,68.7,59.2,0,0,0
STU1452,21,71.2,6.55,0,0,85.3,72.5,67.8,68.4,0,0,0
STU1491,22,85.8,8.56,2,2,92.9,72.1,39.7,50.6,0,1,0
STU2481,21,70.0,7.47,0,0,64.2,70.8,57.7,53.3,0,0,0
STU1288,21,100.0,6.12,0,0,55.7,84.1,49.6,41.4,1,0,0
STU1949,21,84.7,6.77,0,0,61.2,66.7,41.6,74.0,1,0,0
STU2986,20,68.5,7.37,1,1,95.3,48.1,69.2,56.9,0,1,0
STU2369,22,79.6,6.81,2,2,79.1,87.1,75.7,79.4,0,0,0
STU2147,21,86.0,8.39,0,0,55.7,67.0,53.2,77.0,0,2,0
STU1706,19,73.9,7.38,1,0,100.0,66.4,53.8,22.3,0,2,0
STU2727,19,78.7,5.09,0,0,55.5,56.9,80.9,57.6,0,2,0
STU2702,20,65.3,7.94,3,3,79.4,64.4,71.5,66.6,0,2,0
STU2629,21,90.7,7.47,0,0,85.6,43.6,73.2,96.8,0,1,0
STU2600,19,92.8,6.47,0,0,75.9,67.5,36.4,58.3,1,0,0
STU2539,19,86.4,7.36,2,2,82.6,63.9,62.8,72.7,0,2,0
STU2406,21,61.0,7.96,0,0,94.3,54.9,86.9,35.8,0,0,0
STU2651,20,93.2,7.19,1,1,100.0,60.5,53.0,55.0,0,1,0
STU1328,20,93.6,7.27,1,2,64.0,67.5,76.5,67.8,1,0,0
STU1443,21,64.3,6.76,1,0,84.2,70.2,88.7,81.0,0,0,0
STU1775,21,70.9,6.56,0,0,87.8,62.5,71.8,59.4,0,2,0
STU2088,18,65.1,6.07,0,0,100.0,76.1,80.9,55.9,0,0,0
STU2221,20,93.1,7.73,1,1,75.4,92.8,82.2,56.1,0,0,0
STU2636,22,60.5,4.45,2,1,60.6,65.3,50.2,50.5,0,1,0
STU1178,21,82.1,7.14,3,3,63.7,65.5,83.0,73.9,0,1,0
STU2323,20,78.0,6.15,1,2,89.4,64.9,55.2,75.0,0,0,0
STU1705,22,78.5,7.53,0,2,52.2,58.7,74.7,80.6,0,1,0
STU1087,20,74.9,5.98,0,0,76.3,57.4,60.0,45.6,0,1,0
STU2884,21,90.8,6.74,1,1,62.6,55.9,62.7,59.6,1,0,0
STU2948,19,52.4,5.91,2,2,68.6,55.7,47.9,58.9,0,0,0
STU1458,19,68.7,6.53,2,2,64.9,56.9,58.8,67.4,0,0,0
STU2829,19,78.8,6.41,3,3,98.9,75.8,80.1,58.9,0,0,0
STU1055,20,80.4,7.37,1,1,49.4,61.7,75.9,71.9,0,2,0
STU2502,20,91.9,4.57,0,0,79.7,78.8,45.4,82.6,0,0,0
STU1644,21,64.5,6.78,0,0,62.6,65.9,66.1,39.3,0,1,1
STU1678,21,82.1,7.6,2,2,91.3,60.3,62.2,81.2,0,0,0
STU1222,21,66.8,7.34,0,0,78.4,38.6,60.4,58.1,0,0,0
STU1114,19,78.4,7.35,1,1,72.7,55.7,57.7,46.3,1,1,0
STU1983,21,73.7,5.09,1,0,55.2,57.6,60.4,54.7,0,0,0
STU2229,21,83.4,7.17,1,2,85.1,68.3,73.3,60.9,0,1,0
STU2000,22,72.0,5.91,1,3,100.0,63.0,69.2,48.6,0,1,0
STU1175,19,80.0,5.73,1,0,53.7,72.3,73.7,100.0,0,0,0
STU1782,20,68.1,8.03,0,0,86.3,59.6,53.9,65.6,1,0,0
STU1590,23,83.5,6.34,0,0,65.1,63.3,35.0,76.4,0,1,0
STU2560,20,66.1,5.46,0,0,73.4,70.0,51.0,86.0,0,1,0
STU1019,22,83.0,6.48,2,2,59.1,80.1,70.6,60.4,0,1,0
STU1424,19,70.8,6.1,0,0,87.0,66.4,66.2,70.6,1,0,0
STU2344,20,85.4,4.78,0,1,97.2,49.4,91.5,43.3,0,3,0
STU1286,20,80.4,8.49,0,0,78.7,58.1,62.1,45.3,0,0,0
STU2584,20,75.3,5.75,2,1,62.3,49.2,64.0,100.0,1,2,0
STU1429,19,75.8,6.61,1,1,68.5,52.1,60.5,60.4,0,0,0
STU2510,21,63.6,7.23,0,0,71.5,53.3,57.1,81.4,0,0,0
STU2319,19,89.6,4.87,1,2,85.3,44.4,67.3,49.6,0,0,0
STU1670,18,68.1,6.01,3,3,79.3,73.7,81.4,78.3,0,0,0
STU1032,20,70.1,6.34,1,0,72.4,71.1,95.0,62.8,0,2,0
STU1941,21,95.7,7.17,1,2,87.5,52.2,81.2,62.6,0,1,0
STU1723,18,55.2,6.75,0,0,69.5,79.5,68.7,58.7,0,0,0
STU1995,20,70.2,7.23,2,1,95.9,73.2,60.5,41.9,0,2,0
STU1215,20,65.6,6.68,0,0,66.2,72.8,45.8,59.5,0,2,0
STU1814,20,69.6,6.76,0,0,72.6,85.7,73.7,72.1,0,1,0
STU1327,18,49.4,7.85,0,0,97.9,55.6,53.5,61.6,0,1,0
STU1561,20,80.3,7.44,0,0,62.1,56.1,64.3,93.3,0,0,0
STU2113,19,95.4,6.81,0,0,100.0,46.1,44.3,33.4,0,0,0
STU1701,22,86.3,7.59,0,1,90.8,55.8,67.1,30.1,1,0,0
STU2579,18,82.7,5.95,0,0,90.1,69.6,75.0,83.6,0,0,0
STU2190,20,59.7,5.76,1,2,86.9,60.0,57.0,44.0,0,0,0
STU1342,21,73.7,7.92,0,0,57.1,66.4,68.3,65.9,1,0,0
STU1630,18,75.5,5.77,1,1,100.0,69.8,50.8,52.3,0,0,0
STU1148,20,87.2,8.79,0,0,67.2,79.0,73.1,49.8,0,0,0
STU2310,20,70.7,7.51,1,1,78.3,80.4,43.0,51.4,0,1,0
STU1361,20,94.8,7.15,0,0,71.3,54.0,76.3,70.7,0,0,0
STU1084,20,77.9,6.43,0,0,82.6,66.8,46.2,47.8,0,1,0
STU1049,21,77.2,6.62,1,2,70.4,60.3,64.9,59.9,0,1,0
STU1469,22,83.9,9.23,2,2,83.8,58.7,55.2,92.6,0,3,0
STU1156,23,83.2,6.24,2,2,91.3,61.6,55.5,35.8,0,0,0
STU1773,21,73.1,6.46,0,0,76.9,63.9,44.8,69.1,0,3,0
STU2240,23,62.2,6.61,0,0,68.4,71.0,53.0,87.4,0,0,0
STU2201,19,69.1,7.05,2,1,65.9,93.6,70.2,62.0,0,2,0
STU2403,20,67.4,5.48,1,1,91.8,61.2,32.7,66.2,0,0,1
STU2203,21,72.3,5.86,0,1,69.2,70.9,79.5,44.5,0,0,0
STU2631,19,84.7,4.8,0,0,80.2,64.5,61.9,87.8,0,0,0
STU1501,22,82.6,5.31,1,1,44.0,52.2,73.2,51.8,0,3,0
STU2765,19,75.2,6.45,0,1,93.5,67.6,50.2,57.2,0,1,0
STU1180,21,71.5,6.01,1,1,61.3,63.7,61.6,53.3,0,1,1
STU2048,21,82.3,5.75,1,2,66.6,87.9,52.3,66.9,0,0,0
STU2756,21,70.0,7.04,0,0,81.7,61.5,70.1,89.9,0,0,0
STU1951,18,62.0,7.93,1,1,66.7,56.0,65.3,80.3,0,1,0
STU2317,20,74.1,7.56,0,0,79.5,60.0,64.0,74.7,0,1,0
STU2620,20,72.8,7.27,1,1,74.3,93.5,89.0,68.6,0,0,0
STU1529,21,89.0,6.1,0,0,65.9,60.2,30.7,71.1,0,1,0
STU1347,20,73.9,5.91,0,0,71.9,66.9,66.3,51.2,0,2,0
STU2388,19,70.0,6.54,0,1,65.3,66.8,66.3,77.8,0,1,0
STU2961,21,91.7,6.39,1,2,78.9,62.3,69.5,39.8,0,1,0
STU2051,19,88.0,7.22,0,0,70.7,52.6,51.0,78.7,0,0,0
STU2973,21,78.8,6.6,0,0,64.5,68.6,64.2,64.2,0,0,0
STU2442,21,76.6,5.47,0,0,66.0,36.4,43.7,45.8,1,0,1
STU1602,20,92.9,6.84,1,1,93.3,57.5,71.8,50.2,0,0,0
STU2282,18,85.2,7.18,0,0,90.6,75.1,75.3,80.2,1,2,0
STU1244,19,87.3,6.05,0,0,94.5,57.5,44.1,45.4,0,0,0
STU2337,21,73.0,7.6,2,2,67.5,67.8,51.0,53.9,0,1,0
STU2068,21,81.2,7.69,0,1,84.9,75.4,72.8,38.1,0,1,0
STU2476,20,83.3,5.74,2,3,96.6,88.1,57.1,69.9,1,2,0
STU1313,23,92.4,6.84,1,0,71.1,68.3,56.4,91.1,1,2,0
STU1436,20,64.5,7.65,1,1,92.7,62.3,51.2,71.1,0,0,0
STU2899,20,68.4,7.23,1,2,95.0,67.2,57.4,73.9,0,0,0
STU2329,20,67.9,7.33,3,3,77.7,71.2,74.1,45.3,1,1,1
STU1309,21,91.5,7.14,0,0,69.6,58.3,62.5,82.2,0,1,0
STU1431,19,57.7,6.75,1,2,93.3,47.5,68.0,67.0,0,0,0
STU1661,18,63.9,5.18,0,0,63.0,50.5,69.5,69.7,1,0,0
STU1371,21,62.8,5.25,2,2,64.0,54.2,53.4,74.5,0,1,0
STU1567,20,78.4,3.73,1,1,100.0,64.9,64.0,62.6,0,1,0
STU1980,21,100.0,6.09,1,1,62.0,44.9,61.2,84.3,0,0,0
STU1182,21,78.8,6.88,0,0,97.4,69.5,81.3,73.9,0,0,0
STU2363,18,78.6,8.72,1,1,57.8,68.3,71.1,29.0,0,0,0
STU1622,21,67.8,6.76,0,0,87.9,87.4,56.6,75.3,1,0,0
STU1819,21,85.0,7.38,0,0,58.6,62.5,69.8,63.9,0,0,0
STU2193,20,77.0,7.13,0,0,91.0,53.1,63.3,70.2,1,0,1
STU1953,21,72.5,6.72,1,1,68.7,62.0,56.1,58.1,0,1,0
STU2422,20,74.6,5.6,1,1,62.7,52.0,71.2,73.8,1,0,0
STU2841,20,59.4,6.22,2,2,77.0,58.8,72.0,66.2,0,1,0
STU1923,21,60.7,6.99,0,0,72.0,51.0,54.0,81.4,0,1,0
STU2074,18,85.2,6.52,1,2,61.2,59.8,32.2,61.1,0,0,0
STU1297,21,100.0,6.54,0,0,89.1,57.1,62.1,49.8,0,1,0
STU1967,20,92.9,6.39,0,0,77.9,55.4,49.9,61.9,0,0,0
STU1462,19,60.2,6.75,1,1,93.2,67.9,43.7,46.9,1,1,0
STU2303,21,87.3,7.79,0,0,79.9,77.8,82.6,43.4,0,0,0
STU2177,20,86.4,8.92,1,1,100.0,57.1,89.6,63.2,0,3,0
STU1378,18,67.6,6.67,1,1,87.9,43.4,40.1,67.7,0,0,0
STU1799,22,82.9,6.35,2,2,78.9,58.0,55.7,84.7,0,2,0
STU2103,21,85.4,7.84,0,2,59.7,71.2,50.1,40.3,0,2,0
STU1106,20,69.9,7.58,1,1,87.6,76.9,88.5,89.5,0,0,0
STU1127,22,100.0,7.81,0,0,68.2,67.5,61.5,61.8,1,2,0
STU2996,21,67.9,5.33,1,1,86.0,76.9,51.9,96.5,1,1,0
STU1839,23,90.4,8.0,0,0,86.7,72.6,47.0,49.5,0,0,0
STU1356,21,49.8,6.05,0,0,100.0,61.2,43.6,48.4,1,1,0
STU2617,24,90.3,6.69,0,0,49.7,59.0,78.8,72.1,0,1,0
STU1683,22,87.9,6.18,0,0,91.0,77.4,63.4,80.0,0,0,0
STU1813,21,71.0,6.78,0,2,74.8,77.5,68.4,64.0,0,0,0
STU2681,19,68.4,6.27,1,1,65.6,41.6,71.9,77.0,0,1,1
STU1210,20,70.8,6.46,1,1,80.7,52.5,62.9,86.0,0,1,0
STU2493,20,72.6,6.59,0,1,59.9,38.2,49.9,70.2,0,0,0
STU1141,21,74.9,6.65,2,3,93.8,64.0,68.7,98.5,0,1,0
STU2975,19,68.0,8.1,1,0,78.3,68.6,95.0,45.4,0,0,0
STU2340,20,56.5,7.93,1,1,83.2,60.4,73.3,73.7,0,0,0
STU2798,20,63.3,7.01,1,1,62.2,54.8,55.6,94.9,0,1,0
STU2575,19,68.7,7.92,1,1,86.4,94.4,73.5,88.3,0,0,0
STU2182,22,58.0,6.72,0,0,75.8,61.8,25.9,61.9,0,1,0
STU2394,21,63.4,5.97,0,0,55.1,57.9,67.2,80.3,0,0,0
STU2816,20,67.2,6.39,2,2,67.6,72.2,82.0,97.3,1,1,0
STU1712,21,84.5,6.24,2,1,61.5,59.5,69.9,74.5,0,1,0
STU2794,20,84.7,7.92,0,1,80.7,64.4,58.5,68.5,0,0,0
STU1893,20,74.9,5.7,1,0,94.9,75.7,62.4,77.5,1,1,0
STU1860,21,65.3,6.58,3,4,90.7,71.4,43.3,76.4,1,2,1
STU1011,22,60.8,7.16,0,1,99.3,60.7,51.1,55.9,0,1,0
STU2695,19,91.4,7.46,0,1,83.1,71.6,70.3,67.0,0,1,0
STU2428,22,82.3,6.9,0,0,71.6,79.3,83.6,72.0,0,1,0
STU1283,22,89.3,7.6,0,0,55.9,36.4,54.5,61.3,0,0,0
STU1811,20,68.4,6.87,0,0,64.0,71.1,90.3,66.1,0,0,0
STU2342,21,85.2,7.0,0,0,75.9,74.0,61.7,70.7,0,1,0
STU1292,21,89.7,5.23,2,1,71.1,50.9,57.4,57.5,0,0,1
STU1755,23,88.9,8.58,0,0,60.7,67.0,69.5,44.2,1,0,0
STU1627,20,92.2,6.26,0,0,81.1,68.2,69.2,39.1,0,1,0
STU1944,22,72.5,6.04,0,0,66.9,55.9,58.9,86.5,0,1,0
STU1862,19,83.6,7.4,0,0,100.0,36.1,62.8,81.2,0,0,0
STU1130,19,88.8,5.82,0,0,83.2,59.8,81.6,58.9,0,0,0
STU2176,18,54.9,6.61,1,1,84.3,65.4,91.9,60.6,0,1,0
STU1324,21,76.1,6.92,2,2,79.8,47.6,66.5,68.5,0,0,0
STU2091,20,90.9,7.1,0,0,77.3,43.5,40.6,63.7,0,0,0
STU1844,20,84.8,5.66,1,0,64.3,67.6,64.1,56.7,0,1,0
STU1964,20,67.2,6.31,3,3,61.9,67.9,68.9,37.7,0,0,0
STU2865,21,55.4,6.19,0,0,84.0,48.7,62.3,94.9,0,0,0
STU1866,22,60.9,6.89,0,0,72.5,43.6,62.4,59.5,0,1,0
STU1922,19,78.7,7.63,0,0,66.6,74.5,73.3,64.2,1,0,0
STU1696,19,87.5,7.16,0,0,66.7,59.8,75.0,55.7,0,1,0
STU1216,22,76.2,8.18,1,2,87.6,59.5,73.0,74.3,0,1,0
STU2781,22,80.5,6.52,0,0,86.1,66.5,56.3,75.9,0,0,0
STU2262,21,62.9,7.7,0,1,95.9,55.6,77.6,64.6,0,0,0
STU1159,20,84.1,7.85,1,1,90.3,54.1,70.6,75.5,1,0,0
STU2059,21,67.9,6.87,1,0,92.9,86.4,50.7,37.0,0,0,0
STU1989,20,78.7,6.31,1,1,91.2,63.2,65.4,85.8,0,0,0
STU1842,21,89.2,5.8,1,1,90.0,50.9,60.3,52.9,0,0,0
STU1635,20,89.7,7.11,0,0,51.9,64.4,85.7,46.0,0,0,0
STU1517,21,76.1,7.61,0,0,92.4,65.2,50.9,43.9,0,0,0
STU2429,21,98.5,7.81,2,1,67.7,74.5,74.2,53.3,0,0,0
STU2748,21,86.8,5.3,0,1,57.9,45.0,90.4,49.2,0,0,1
STU1598,22,79.4,7.13,1,0,73.6,71.5,53.8,71.6,0,0,0
STU1196,19,53.7,5.96,0,0,56.2,39.5,59.7,69.6,0,0,0
STU2784,19,92.2,6.28,0,0,93.9,52.9,66.4,80.1,0,1,0
STU1870,20,82.9,6.9,1,0,74.0,45.4,76.5,49.9,0,0,0
STU1411,19,65.2,8.23,0,0,66.8,48.8,62.5,87.6,0,0,0
STU1097,19,86.4,7.35,1,2,83.3,55.8,66.6,68.3,0,0,0
STU2001,20,91.0,6.54,0,0,99.4,88.6,66.7,39.0,0,0,0
STU2506,21,95.8,5.85,1,1,67.4,59.1,87.2,41.3,0,0,0
STU1157,21,80.0,7.16,1,0,61.2,81.4,69.2,73.6,0,0,0
STU1420,22,48.1,8.16,0,0,69.3,53.7,50.3,34.2,0,0,0
STU2803,20,73.4,7.5,1,2,69.6,63.8,74.2,57.6,1,1,0
STU1478,19,78.5,6.28,1,1,57.8,51.7,74.3,53.9,0,2,0
STU2856,20,53.5,6.53,0,0,96.9,52.5,71.9,57.2,0,0,0
STU1669,20,75.8,8.65,0,0,55.6,71.4,64.2,69.5,0,1,0
STU2418,22,87.3,7.76,0,0,54.6,55.1,58.0,74.6,1,1,0
STU2872,20,63.7,9.25,0,0,62.2,61.0,52.0,76.2,0,1,0
STU2300,19,77.8,7.2,0,0,63.7,80.4,47.6,54.7,0,1,0
STU1448,20,70.5,6.82,0,0,80.9,65.1,55.7,54.0,0,0,0
STU1554,23,51.0,7.16,1,0,73.6,95.0,31.1,72.1,0,1,0
STU1179,20,83.2,4.7,0,0,79.6,50.9,49.2,54.0,0,1,1
STU1391,18,52.5,6.98,1,0,100.0,68.4,80.3,55.9,0,1,0
STU1579,20,91.2,6.32,2,2,51.4,61.4,65.0,87.7,0,1,0
STU2478,19,73.3,7.44,1,3,78.5,58.4,60.7,65.3,0,1,0
STU2707,20,73.9,7.81,0,0,58.1,73.6,40.1,87.0,0,0,0
STU2288,20,88.9,6.03,1,2,66.6,60.4,53.5,61.6,0,4,0
STU2645,19,72.7,7.93,0,0,59.2,55.8,40.1,50.3,1,0,0
STU2024,21,66.9,5.76,0,1,67.7,59.9,68.1,85.8,0,1,0
STU1821,20,57.5,6.33,0,2,84.3,95.0,89.8,76.8,0,0,0
STU2825,19,72.1,4.91,2,3,68.7,57.1,57.2,76.4,0,1,0
STU1985,21,60.1,5.36,1,0,90.3,71.9,53.8,82.6,0,0,0
STU2339,24,63.1,7.11,2,2,76.4,57.6,48.7,67.5,0,2,0
STU1665,20,70.9,9.32,2,3,100.0,63.9,59.7,82.8,0,3,0
STU1143,18,100.0,7.09,1,2,70.5,59.6,72.7,84.1,1,1,0
STU2517,20,81.4,6.87,1,1,60.8,54.4,54.2,30.8,0,0,0
STU2430,21,85.5,9.09,0,0,64.6,50.4,64.1,33.2,0,0,0
STU1865,20,63.0,5.93,0,0,99.9,61.6,75.3,48.1,0,0,0
STU1422,19,72.6,7.57,0,0,59.4,44.9,70.1,60.5,0,0,0
STU1637,20,72.0,3.66,1,1,57.3,30.4,43.1,74.8,0,0,0
STU2407,21,84.5,5.21,0,1,80.1,59.3,78.1,61.4,0,0,0
STU1800,21,68.3,6.37,1,0,72.2,45.6,58.8,47.4,0,2,0
STU2404,20,88.6,6.8,0,0,57.9,47.5,76.3,74.3,0,1,0
STU1616,19,67.9,8.46,0,0,84.4,50.4,64.4,67.5,0,0,0
STU1295,20,90.0,6.87,0,0,100.0,62.2,82.4,62.5,0,1,0
STU1924,20,68.3,5.48,0,0,70.6,41.4,61.4,50.4,0,0,0
STU2269,21,72.2,7.54,0,0,99.5,77.3,72.3,60.0,0,1,0
STU2903,21,57.7,6.64,0,0,77.0,59.0,33.3,56.0,0,1,0
STU1089,21,68.4,6.36,1,0,81.3,68.1,42.4,100.0,0,0,0
STU1042,21,83.9,6.65,1,1,60.4,59.6,52.3,71.4,0,1,0
STU2802,21,67.0,5.41,0,0,51.2,69.0,59.0,67.4,0,0,0
STU2934,22,89.2,6.78,0,0,93.7,58.3,89.2,59.7,0,0,0
STU1132,19,100.0,6.03,0,1,100.0,36.0,63.1,87.1,1,2,0
STU2002,20,84.3,6.5,1,1,50.0,66.5,63.2,65.3,0,0,0
STU2158,22,72.8,7.29,1,3,89.1,74.8,78.3,62.0,1,1,0
STU2095,20,97.9,7.31,0,1,79.1,62.7,68.8,64.6,0,1,0
STU2855,21,77.1,5.96,1,1,81.8,61.5,57.8,56.8,0,0,0
STU2345,19,58.4,6.72,1,2,69.7,60.3,43.8,60.5,0,0,0
STU2499,21,73.2,7.52,0,1,81.7,56.6,52.1,71.5,1,0,0
STU1165,22,83.3,6.57,1,1,100.0,56.6,70.3,55.6,0,1,0
STU1725,19,69.0,7.05,1,0,79.7,50.6,91.3,78.3,1,1,0
STU1291,20,81.4,6.36,0,0,72.5,57.4,73.9,85.2,0,1,0
STU2209,23,88.3,6.41,0,0,59.2,55.4,77.7,36.8,0,1,0
STU2589,19,66.4,6.61,1,0,93.9,49.2,67.4,49.9,0,0,0
STU2897,18,59.6,7.38,1,1,57.9,52.1,68.0,51.3,0,1,0
STU2642,21,96.0,4.94,1,1,62.9,92.6,85.9,47.8,1,1,0
STU2362,22,48.9,6.94,0,0,93.9,68.0,66.2,53.6,0,0,0
STU1779,21,81.6,6.73,1,1,75.7,77.8,51.1,81.1,0,0,0
STU1840,20,76.9,7.2,0,0,81.1,62.7,53.7,53.2,0,1,0
STU1349,18,94.0,7.21,1,1,40.7,64.5,60.6,75.9,1,0,1
STU2945,20,90.8,8.02,0,0,92.4,49.2,58.0,63.5,0,1,0
STU1572,20,83.7,8.44,0,0,69.6,65.2,53.3,68.3,0,0,0
STU1918,21,98.0,6.75,0,0,52.0,52.4,73.6,81.2,0,0,0
STU1977,22,66.6,6.95,2,3,58.7,62.1,76.1,59.1,0,1,0
STU2914,18,60.2,6.65,1,1,83.6,47.9,72.5,81.1,1,1,1
STU2469,19,93.1,7.17,1,1,85.5,67.3,82.9,63.5,0,0,0
STU2592,19,92.2,6.97,0,1,74.0,63.9,51.9,63.1,1,0,0
STU2318,21,68.0,8.13,0,1,72.3,95.0,40.8,63.4,0,1,0
STU2845,19,77.0,8.24,0,0,81.8,63.9,78.8,49.5,0,0,0
STU1137,21,79.0,8.18,0,0,76.7,74.2,70.4,49.0,0,2,0
STU1459,21,53.9,6.22,1,1,80.3,67.7,70.4,61.3,1,2,0
STU1376,24,46.7,4.6,0,1,62.6,62.5,65.5,45.5,0,2,0
STU2343,21,96.3,6.92,1,1,82.3,59.2,54.0,75.4,0,2,0
STU1334,19,75.6,7.82,1,2,100.0,69.9,52.4,81.9,0,0,0
STU2160,19,67.6,4.68,1,0,89.6,58.2,56.3,67.5,1,2,0
STU2761,19,70.7,9.21,0,0,61.1,72.6,66.4,53.2,0,1,0
STU2458,21,64.7,8.07,0,0,81.1,83.7,55.2,66.3,0,2,0
STU1817,20,58.5,8.68,0,0,59.7,80.9,53.4,70.5,1,1,0
STU2115,21,79.4,8.45,1,0,78.0,37.8,51.0,72.4,0,1,0
STU2006,21,70.4,5.21,1,2,100.0,55.4,48.2,64.8,0,2,0
STU2857,20,62.2,7.58,0,1,83.7,57.1,68.2,61.3,1,0,0
STU2955,21,76.3,6.59,0,0,43.9,67.3,69.6,37.9,1,1,0
STU2851,20,83.1,7.81,1,1,29.5,38.3,89.4,59.7,0,0,0
STU1911,20,70.2,6.02,0,0,96.9,69.4,43.6,79.5,1,0,0
STU2930,21,66.9,6.97,1,2,87.7,63.1,53.0,79.2,0,2,0
STU2126,20,82.7,8.28,0,0,74.9,57.0,67.3,93.9,0,0,0
STU1329,19,78.0,7.37,0,0,59.2,65.9,64.3,64.2,0,0,0
STU2248,18,59.8,7.85,0,0,87.3,39.6,47.8,83.3,0,0,0
STU1319,22,100.0,5.85,0,0,70.6,48.6,33.5,59.5,0,4,0
STU2690,22,92.2,5.9,0,0,65.8,61.6,55.3,57.8,0,2,0
STU2359,20,63.8,6.37,0,1,71.5,84.9,61.5,78.5,0,0,0
STU2733,20,100.0,8.17,1,1,58.5,75.5,78.0,49.8,0,0,0
STU1168,21,55.5,5.78,0,0,69.4,79.9,71.8,84.2,0,0,0
STU1013,21,83.9,7.49,1,1,96.8,62.0,85.7,54.4,0,2,0
STU2927,20,85.5,6.7,1,1,57.6,79.3,61.4,44.4,0,0,0
STU1172,21,63.1,7.41,0,0,49.8,57.9,74.6,77.7,0,0,0
STU1650,20,100.0,6.56,2,1,91.8,75.1,45.5,63.2,0,0,0
STU2062,22,78.4,7.6,1,0,96.6,46.4,49.4,69.2,0,1,0
STU1261,20,47.5,7.09,1,1,99.9,70.9,56.6,40.3,0,0,0
STU2367,19,76.4,6.25,2,2,70.2,52.0,57.6,62.9,0,0,0
STU2549,21,66.9,7.14,0,0,60.7,63.4,63.5,76.6,0,0,0
STU1902,21,59.1,6.87,5,5,66.7,61.9,93.0,64.6,0,1,1
STU1673,20,70.4,7.36,0,0,51.9,85.8,53.2,88.3,0,1,0
STU1259,20,89.0,8.31,2,2,81.1,81.8,73.8,68.6,0,0,0
STU1845,21,68.0,6.76,0,0,83.3,37.7,43.9,62.5,1,0,1
STU1868,20,94.4,6.47,2,1,94.6,66.5,59.4,70.4,0,0,0
STU2800,20,75.4,7.21,1,1,68.2,62.8,44.8,55.4,0,0,0
STU1139,23,79.8,5.79,1,0,62.5,64.8,58.4,70.3,0,0,0
STU1894,21,68.0,5.97,3,3,93.1,62.2,52.5,68.3,0,0,1
STU2838,20,74.3,6.03,0,0,100.0,66.1,50.0,67.9,0,2,0
STU1550,21,82.0,5.98,0,0,94.3,74.3,61.4,75.6,0,0,0
STU1320,19,72.8,9.82,2,2,73.4,95.0,55.6,82.2,0,1,0
STU2527,22,80.6,7.26,0,0,100.0,56.5,75.0,59.2,0,2,0
STU2806,18,44.5,6.42,0,1,84.3,41.1,55.3,82.3,0,1,0
STU2178,21,78.1,8.19,2,2,87.4,62.9,54.9,78.8,1,1,0
STU1559,19,93.2,7.59,1,0,62.4,63.9,79.3,88.1,0,4,0
STU1140,24,91.1,7.11,0,0,76.3,54.0,67.6,58.3,0,0,0
STU2735,20,76.9,6.46,1,1,72.7,81.5,59.2,61.7,0,0,0
STU1532,19,82.5,7.09,1,1,74.6,55.6,58.5,84.0,0,0,0
STU1225,21,62.8,6.11,1,3,61.4,44.3,95.0,97.4,0,1,0
STU1724,19,78.2,6.44,0,0,87.5,68.0,30.7,63.4,1,0,0
STU1787,21,76.1,5.48,0,1,67.6,71.6,81.8,62.2,0,0,0
STU2718,20,81.3,6.34,0,0,56.2,44.2,77.0,47.3,0,0,0
STU2008,20,88.7,7.22,2,3,63.8,63.1,71.1,60.7,0,1,0
STU1410,19,69.6,5.1,0,0,45.3,65.7,49.6,69.6,0,0,1
STU1326,21,82.2,6.36,0,0,100.0,92.5,54.0,42.7,0,0,0
STU2766,20,90.0,6.93,0,0,62.3,72.8,55.4,71.7,0,0,0
STU1300,21,72.3,6.61,2,2,45.4,56.0,65.3,62.2,0,1,0
STU2263,22,80.0,7.3,0,0,100.0,67.9,50.5,77.4,1,0,0
STU2946,18,75.4,4.98,2,1,77.8,64.3,54.0,83.0,1,1,0
STU1026,20,58.3,5.84,1,1,93.7,61.9,88.2,64.8,1,0,1
STU2859,21,71.1,7.94,0,0,92.6,68.4,68.1,79.6,0,0,0
STU1715,20,74.3,6.22,0,1,97.4,56.0,49.0,99.8,0,0,0
STU2010,21,84.9,7.1,0,0,64.8,67.6,69.1,100.0,0,1,0
STU1194,22,76.4,5.8,0,1,67.2,60.5,74.0,42.6,0,0,0
STU1441,20,76.8,7.13,3,3,54.8,62.7,88.0,48.1,0,1,0
STU1574,19,78.2,7.24,1,1,52.5,66.0,64.4,65.3,0,0,0
STU1947,21,95.2,8.19,1,0,88.4,74.3,66.3,98.6,1,0,0
STU1998,21,100.0,7.58,1,1,81.3,59.5,69.1,38.2,0,1,0
STU1504,19,81.8,7.6,2,5,62.6,63.6,69.3,84.9,0,1,0
STU1606,21,65.2,6.99,0,0,89.4,73.4,54.7,69.9,0,1,0
STU2717,20,85.2,6.79,0,1,65.7,67.9,71.2,68.7,0,2,0
STU2164,19,84.1,6.98,2,2,64.5,54.2,46.4,36.0,0,2,0
STU2787,22,72.0,7.34,1,0,94.5,75.2,71.2,68.2,0,3,0
STU1847,25,69.2,7.7,2,2,68.2,42.6,48.3,82.6,1,1,0
STU1004,22,79.0,9.04,0,0,73.8,57.5,67.1,75.7,0,0,0
STU2287,19,59.7,5.86,1,0,72.8,61.7,49.3,77.6,1,1,0
STU2223,21,56.1,8.15,0,1,66.5,74.8,61.3,73.0,0,0,0
STU1468,23,91.9,6.49,1,0,58.2,73.4,86.2,88.3,0,0,0
STU1322,20,91.1,6.9,0,0,60.5,58.4,65.5,94.5,0,2,0
STU1006,19,89.5,6.49,0,1,83.4,95.0,68.0,57.1,0,0,0
STU1223,21,77.0,10.0,1,0,48.9,68.0,57.4,53.9,0,1,0
STU2375,20,75.9,6.88,0,0,93.6,30.1,61.5,83.1,0,0,0
STU1548,19,100.0,8.04,0,0,72.9,59.8,77.8,66.1,0,2,0
STU1229,19,100.0,6.13,0,0,47.2,78.8,48.5,87.7,0,0,0
STU1040,21,79.5,6.63,1,3,82.4,48.7,42.7,71.9,1,2,0
STU1543,21,72.2,4.95,0,0,100.0,70.5,69.2,72.7,1,0,0
STU1243,18,59.3,5.75,1,0,71.0,70.5,59.3,55.2,0,0,0
STU1899,21,65.6,7.11,1,0,97.9,44.9,67.6,76.1,0,0,0
STU2134,22,68.5,5.43,2,3,60.4,52.7,55.6,72.5,0,0,0
STU2449,20,69.5,8.1,0,0,68.9,83.9,43.8,84.0,1,2,0
STU2869,20,79.8,7.26,0,0,82.8,41.6,49.3,58.6,0,2,0
STU1843,23,83.0,5.26,3,3,68.0,71.2,47.9,82.8,0,2,0
STU2419,22,77.6,6.54,0,0,76.4,72.7,62.5,88.8,0,1,0
STU2654,20,84.6,7.4,1,1,100.0,57.7,74.4,56.6,0,0,0
STU2970,22,63.6,8.33,2,2,61.7,68.0,76.7,57.4,0,0,0
STU1662,20,67.6,6.44,2,3,68.5,53.7,46.6,59.3,1,1,1
STU2211,22,76.5,7.18,2,2,98.0,63.2,67.4,61.0,0,0,0
STU1315,22,82.0,6.77,1,1,66.4,76.6,72.6,68.4,0,0,0
STU1692,20,63.6,7.09,0,0,54.2,66.4,80.5,56.9,0,0,0
STU2504,21,61.7,6.06,0,0,56.4,61.0,63.7,37.7,0,0,1
STU1425,19,77.2,5.8,0,0,71.3,54.0,67.3,89.2,0,1,0
STU1595,19,56.7,7.56,2,1,73.6,79.5,70.4,56.2,0,0,0
STU2964,20,70.5,6.73,1,1,93.8,71.6,82.8,75.9,0,1,0
STU1623,21,94.4,6.87,0,0,79.1,51.5,45.3,86.3,1,2,1
STU2171,19,88.8,7.53,0,0,67.7,63.6,60.6,77.4,1,0,0
STU2044,21,70.1,4.99,4,4,69.3,70.2,65.5,62.8,0,1,1
STU1228,23,83.0,8.75,0,0,63.3,74.6,72.9,37.9,0,0,0
STU2118,20,74.2,6.6,2,2,52.4,58.4,65.9,65.4,0,2,0
STU2332,19,75.6,7.2,3,3,87.1,62.1,82.0,81.0,0,1,0
STU2316,23,86.4,7.87,1,2,94.9,65.8,83.8,90.2,0,0,0
STU1067,20,87.6,5.98,0,0,95.4,78.5,47.3,65.2,1,0,0
STU1025,20,60.0,5.91,2,3,74.6,74.7,52.7,71.0,0,0,1
STU1145,19,67.4,8.22,1,1,41.9,52.7,71.4,42.6,0,0,0
STU1537,20,65.6,5.89,0,0,79.7,42.2,67.9,76.0,0,0,1
STU1812,20,71.6,6.41,0,1,100.0,75.4,92.1,75.5,0,2,0
STU2467,19,92.3,7.61,0,0,91.3,46.1,45.0,70.8,0,0,0
STU1086,21,85.3,6.78,0,0,89.5,42.5,51.6,78.0,0,0,0
STU2661,24,76.2,7.18,1,1,67.4,66.1,62.5,57.5,0,0,0
STU2646,21,58.3,4.81,1,1,85.1,79.2,66.3,54.3,0,1,0
STU2805,21,87.8,6.49,0,0,77.6,71.1,59.9,42.7,0,0,0
STU2818,22,78.2,6.53,1,0,85.8,72.0,57.0,44.3,0,0,0
STU2577,21,80.1,7.21,0,0,90.9,84.3,52.3,100.0,0,1,0
STU2145,21,71.2,5.12,1,0,100.0,75.2,55.8,87.5,0,1,0
STU1363,22,71.8,6.43,0,0,73.2,66.0,54.7,47.9,0,1,0
STU2612,20,66.8,6.11,0,0,75.6,47.9,61.1,52.9,0,0,0
STU2866,21,62.9,5.15,0,0,53.8,67.6,48.1,80.8,0,2,1
STU2027,18,84.8,6.68,0,1,61.2,83.0,36.2,38.1,1,1,0
STU2031,22,74.8,7.96,0,0,73.7,51.4,67.6,73.9,0,0,0
STU2304,21,87.7,7.99,0,0,100.0,84.5,45.9,58.8,0,0,0
STU2356,21,43.6,7.67,0,0,66.3,92.8,52.5,53.6,0,0,0
STU2731,20,67.2,4.64,0,0,78.0,57.1,63.8,59.3,0,0,0
STU1666,18,77.4,7.69,1,1,100.0,48.8,75.4,82.9,1,0,0
STU1365,20,100.0,4.61,0,1,75.1,49.5,57.1,61.4,0,0,0
STU1078,21,76.6,6.32,0,1,100.0,58.5,52.6,65.1,0,2,0
STU1028,21,44.8,7.43,0,0,82.8,58.0,89.8,80.0,0,1,0
STU2437,20,68.2,6.21,1,2,72.2,73.1,81.5,81.9,0,0,0
STU1526,20,84.2,5.61,3,3,78.0,68.0,58.9,59.2,1,0,1
STU2835,21,93.2,6.63,0,0,83.9,48.8,56.5,62.6,0,1,0
STU1056,20,83.0,7.18,1,1,69.8,67.7,43.1,100.0,0,0,0
STU1639,21,84.0,6.33,0,0,70.6,66.5,60.1,62.4,0,1,0
STU1303,22,42.8,6.08,2,2,95.4,82.2,63.8,52.4,1,0,1
STU1719,20,88.5,7.09,0,1,100.0,68.4,77.6,75.9,0,0,0
STU1625,21,69.4,8.64,2,1,100.0,67.7,53.6,54.4,0,0,0
STU1008,20,62.7,7.27,0,0,90.9,48.9,47.2,64.2,0,1,0
STU1804,21,64.2,7.77,0,0,74.5,66.5,64.7,76.4,1,0,0
STU2050,21,93.1,7.82,0,1,55.6,59.0,58.9,82.6,1,0,0
STU1337,20,100.0,6.95,1,2,95.0,48.8,62.3,60.2,1,0,0
STU1048,21,82.0,6.23,0,1,81.5,66.6,78.2,44.0,0,0,0
STU2764,19,83.1,8.73,2,1,43.5,67.4,59.5,58.1,0,0,0
STU1107,19,92.8,4.38,1,0,70.8,63.3,42.3,87.6,0,0,0
STU1350,22,85.0,7.32,1,0,100.0,76.3,54.0,50.9,0,0,0
STU2080,22,88.6,6.11,0,0,82.2,60.4,66.4,72.3,1,0,0
STU1239,19,65.2,6.72,1,2,80.3,48.4,66.5,60.6,0,1,0
STU1214,20,97.3,6.67,1,0,66.8,69.7,29.9,81.0,0,0,0
STU2776,21,64.8,7.12,0,0,76.0,49.8,59.2,55.8,0,0,0
STU2139,20,82.4,6.22,0,0,95.2,32.4,60.5,90.6,0,2,0
STU1794,21,69.8,6.7,1,2,91.4,82.0,72.5,65.2,0,1,0
STU2587,18,63.7,6.24,0,0,83.7,78.2,65.8,53.6,0,0,0
STU2583,21,76.9,8.3,0,0,74.7,63.3,59.2,73.4,0,0,0
STU2672,18,82.3,7.19,0,0,82.6,53.1,37.3,81.7,0,0,0
STU1524,20,54.4,6.87,0,1,97.2,73.4,75.5,82.8,0,0,0
STU1233,21,60.6,5.84,1,1,74.4,44.3,57.2,79.9,1,1,1
STU1645,20,93.4,6.76,1,2,89.3,56.7,78.4,54.8,0,0,0
STU2508,20,81.4,5.57,2,2,99.9,54.5,87.6,54.0,0,1,0
STU1534,21,77.7,5.3,0,0,55.5,48.3,76.2,64.9,0,2,0
STU2942,21,72.3,5.32,1,1,51.5,75.6,90.0,50.1,0,0,0
STU1604,20,78.5,7.36,1,0,88.7,36.5,60.7,54.0,0,0,0
STU2330,21,72.9,7.36,0,0,76.6,66.7,55.5,39.8,0,2,0
STU2075,19,91.2,8.04,1,0,66.2,53.0,73.4,67.5,0,0,0
STU2305,20,100.0,8.31,1,1,78.6,76.0,40.7,69.4,0,2,0
STU1061,18,58.6,7.04,1,1,57.2,58.8,51.2,50.3,0,1,0
STU2264,20,95.3,7.33,1,0,96.4,74.5,70.3,100.0,0,1,1
STU1093,20,77.6,6.03,0,0,74.4,63.7,76.7,46.4,0,1,0
STU1667,18,71.2,8.1,2,1,88.5,62.6,57.0,44.5,0,0,0
STU1281,21,90.8,8.21,1,2,86.1,83.7,53.7,57.6,0,2,0
STU2114,20,85.4,7.6,1,1,97.8,60.4,67.0,57.0,0,0,0
STU1360,20,94.9,8.75,1,2,68.3,44.1,64.1,51.5,1,0,0
STU2129,20,67.3,7.06,1,1,78.9,95.0,49.9,63.8,0,0,0
STU2170,20,61.7,9.03,0,0,79.1,58.0,54.4,33.9,0,0,0
STU1848,22,68.6,7.43,0,0,67.6,80.6,50.3,55.3,0,1,0
STU2522,18,76.5,7.44,0,0,59.4,70.9,82.8,46.0,1,0,0
STU1111,21,80.7,7.36,0,0,49.7,63.3,66.3,64.9,0,1,0
STU1043,20,99.0,6.77,0,0,67.5,85.9,53.8,69.0,0,1,0
STU1126,21,78.3,6.71,1,0,77.2,59.5,65.2,66.7,0,1,0
STU1205,18,89.0,8.19,0,0,68.4,45.4,63.9,94.3,0,0,0
STU1053,19,89.9,7.2,0,0,95.2,74.5,66.7,88.9,0,0,0
STU1546,20,70.2,6.82,1,0,84.4,76.3,48.6,60.2,1,1,0
STU1069,22,82.4,6.71,3,3,60.8,78.4,71.1,54.2,0,0,0
STU2741,20,57.0,7.57,2,2,87.8,71.4,60.1,59.7,0,1,0
STU2548,19,88.6,7.79,1,3,79.3,68.1,76.6,88.5,0,2,0
STU1184,22,64.0,9.16,0,0,71.0,92.3,60.6,62.7,0,1,0
STU1138,22,86.2,7.0,0,0,95.4,66.4,38.0,69.5,0,0,0
STU1900,19,85.7,6.35,0,0,65.1,61.4,64.0,66.4,1,1,0
STU1797,22,82.7,7.15,0,0,89.0,68.6,60.2,92.4,1,0,0
STU1133,21,71.5,7.15,0,1,86.6,47.4,78.0,41.3,0,0,0
STU1081,21,80.9,7.91,0,0,79.8,46.1,66.1,82.6,0,0,0
STU2987,21,62.5,6.64,0,0,86.4,72.5,70.1,64.2,0,1,0
STU2541,20,78.1,6.93,1,1,57.9,63.7,50.3,60.2,0,1,1
STU1542,19,80.9,7.07,0,0,70.9,50.2,72.1,53.4,0,1,0
STU2669,21,55.2,6.15,3,3,58.3,34.9,49.1,58.0,1,1,1
STU1984,21,79.1,8.7,1,1,65.0,60.0,52.0,79.0,0,0,0
STU1166,19,91.0,7.1,0,0,97.7,76.2,58.6,69.1,0,1,0
STU1249,24,75.3,6.17,1,0,83.6,51.5,52.5,100.0,0,1,0
STU1447,22,71.5,7.22,0,0,100.0,73.2,47.0,44.5,0,2,0
STU2515,18,80.3,6.39,1,0,88.9,57.3,50.4,33.8,0,0,0
STU1859,18,71.9,6.27,1,3,64.8,56.5,35.1,64.8,0,0,0
STU2212,20,75.3,7.54,2,2,99.3,37.4,45.2,100.0,0,1,0
STU1098,19,66.3,7.62,2,2,80.5,43.6,73.5,100.0,0,0,0
STU2974,23,96.4,6.75,1,2,76.1,86.1,55.9,83.3,1,2,0
STU1738,22,73.2,7.7,3,4,69.4,46.6,61.8,49.0,0,0,1
STU2256,20,80.1,5.54,1,0,90.2,50.7,55.4,82.6,0,1,0
STU1103,20,67.4,6.02,0,1,87.4,73.4,50.4,74.6,1,1,0
STU1435,22,73.1,8.71,0,0,100.0,65.8,31.5,49.9,0,2,0
STU1075,21,76.7,5.58,1,2,77.5,37.7,63.8,84.8,0,0,0
STU2792,20,94.6,6.83,0,0,88.3,65.5,49.3,60.9,0,1,0
STU2235,21,70.2,6.17,0,0,81.2,78.2,92.2,77.3,0,0,0
STU1919,22,63.8,7.08,0,0,100.0,89.6,62.4,78.9,0,0,0
STU2712,18,84.0,3.67,0,0,55.2,54.6,95.0,90.0,1,1,0
STU2671,20,81.9,6.24,0,0,91.9,76.0,35.1,56.6,0,0,0
STU2621,21,79.9,9.33,2,1,62.3,63.3,76.1,86.2,0,0,0
STU1763,21,69.6,7.1,0,1,72.9,90.2,69.0,87.0,1,2,0
STU1990,20,92.6,7.63,1,0,81.0,55.5,70.3,92.0,0,0,0
STU1389,21,89.5,5.17,1,2,73.1,66.5,46.7,50.3,0,0,0
STU1236,20,63.5,7.4,1,1,72.8,64.0,50.7,64.1,0,0,0
STU2507,18,73.8,6.29,2,2,81.2,71.9,76.7,71.4,0,1,0
STU1268,21,73.4,7.14,0,0,90.8,64.6,57.2,75.0,0,1,0
STU2188,21,67.3,6.8,0,0,81.0,56.4,56.0,54.3,1,0,0
STU1118,21,77.3,7.77,4,3,83.3,54.6,59.2,83.9,0,1,0
STU2607,21,56.2,6.58,0,0,81.9,66.1,70.5,62.0,0,0,0
STU1674,19,81.8,6.95,1,1,81.8,61.0,48.2,77.0,0,0,0
STU1250,19,90.0,8.27,2,1,66.2,67.2,39.4,79.4,0,0,0
STU2453,20,99.3,8.56,1,1,66.2,86.7,95.0,72.2,1,1,0
STU2995,21,83.2,5.83,1,0,74.2,54.8,82.1,50.2,1,0,0
STU1095,18,77.1,7.35,1,2,76.0,75.4,60.4,61.5,0,0,0
STU1034,19,71.2,7.39,2,3,69.0,70.9,65.2,34.3,0,3,0
STU2464,21,59.4,6.66,0,0,76.1,50.6,70.3,59.8,0,2,0
STU2668,21,62.8,6.61,2,2,58.7,63.5,32.7,80.9,0,0,0
STU1449,22,85.2,8.2,1,1,63.6,75.8,61.8,45.9,0,1,1
STU1717,18,77.4,7.67,3,3,81.0,59.0,54.6,68.5,0,0,1
STU2810,22,80.8,5.79,0,0,89.2,67.4,45.2,50.1,1,0,0
STU2518,22,75.3,8.23,1,1,54.9,63.5,67.2,57.2,0,2,0
STU1001,21,70.6,7.05,2,1,83.7,53.0,49.8,70.7,1,2,1
STU2376,21,68.7,7.7,1,1,73.4,95.0,61.2,57.6,0,0,0
STU2102,21,69.7,8.41,0,0,67.1,32.0,66.2,59.1,0,2,0
STU2109,22,60.5,6.54,1,1,66.7,52.3,67.7,90.9,0,0,0
STU2227,21,65.0,6.85,0,0,81.4,78.1,63.9,51.3,0,2,0
STU1083,20,62.2,6.88,1,1,87.5,57.5,70.5,64.0,0,0,0
STU2289,23,71.1,7.73,0,0,75.5,71.5,81.6,54.3,0,0,0
STU1677,24,94.8,7.18,2,4,86.0,48.3,78.3,57.7,0,2,0
STU2921,19,79.9,6.56,0,0,56.7,87.5,58.2,76.5,0,2,0
STU2047,20,81.8,7.7,1,2,51.3,69.7,83.5,54.7,0,0,0
STU1771,23,87.6,7.0,0,0,64.1,91.9,56.7,72.5,0,1,0
STU2947,20,91.7,7.64,0,0,57.4,64.2,69.3,69.6,0,0,0
STU2281,22,96.9,5.27,1,0,67.2,85.1,78.9,75.6,0,0,0
STU2581,22,83.7,7.19,0,0,100.0,63.4,65.2,80.4,0,1,0
STU2489,21,77.1,5.81,0,0,61.1,42.2,64.5,62.2,0,0,0
STU1405,21,65.6,6.72,0,0,74.3,75.3,80.6,39.2,0,0,0
STU2728,20,83.6,6.26,2,1,89.7,65.5,60.5,47.3,0,0,0
STU2299,19,70.7,7.42,1,0,54.6,37.2,65.1,55.2,0,0,0
STU2341,19,71.8,6.99,0,0,73.7,78.5,70.0,63.1,0,0,0
STU1105,19,72.6,6.45,0,0,78.8,56.0,56.8,62.5,1,1,0
STU1689,20,91.4,6.6,0,0,61.8,33.4,61.4,62.5,0,1,0
STU2306,18,82.2,8.6,0,0,54.2,66.1,62.9,76.3,0,1,0
STU1827,21,98.1,6.35,0,0,66.5,57.7,65.8,56.6,0,1,0
STU1063,21,79.3,6.15,1,2,60.4,44.4,52.4,75.3,0,1,0
STU1853,22,92.4,8.84,0,1,90.4,80.2,53.6,58.4,0,0,0
STU2354,21,66.3,5.97,1,1,85.1,77.5,91.4,78.9,0,1,0
STU1224,19,66.5,5.61,0,0,33.5,59.6,60.7,45.2,0,0,0
STU1146,20,67.7,4.96,0,0,100.0,64.3,59.2,73.4,0,2,0
STU2089,21,77.8,5.36,2,1,43.5,73.1,69.6,48.8,0,0,0
STU1374,22,95.1,8.57,1,0,74.0,57.6,58.3,54.1,0,0,0
STU2421,20,76.1,7.74,0,0,89.0,61.2,42.1,72.7,1,0,0
STU2143,18,73.3,6.32,1,0,71.9,62.9,74.3,48.8,0,2,0
STU2827,22,86.3,7.77,1,2,66.2,78.4,39.8,71.0,0,1,0
STU2495,20,93.3,7.58,0,0,93.6,64.3,35.0,63.5,0,0,0
STU2602,22,100.0,8.14,0,1,98.1,51.9,37.5,39.4,0,2,0
STU2271,22,89.0,7.67,0,0,76.3,87.0,56.4,80.0,0,0,0
STU1010,19,83.5,7.97,2,3,74.1,60.7,58.8,87.6,0,1,0
STU1450,21,85.8,6.81,2,2,82.9,60.2,53.2,91.5,0,0,0
STU1709,20,79.6,5.99,0,1,82.5,56.4,50.9,56.0,0,1,0
STU1256,22,61.8,7.78,0,0,59.1,40.6,54.6,64.9,0,0,0
STU1883,19,85.0,6.17,1,1,87.3,60.1,90.8,89.5,0,3,0
STU1390,19,75.5,8.4,0,0,72.5,86.5,72.8,57.2,0,0,0
STU1909,21,61.6,6.29,0,0,58.4,70.8,64.6,79.1,1,0,0
STU1925,20,67.9,5.38,1,1,76.0,82.4,70.0,49.0,0,2,0
STU2704,18,66.6,6.82,1,0,86.8,73.5,59.2,69.8,0,1,0
STU2233,19,63.1,6.26,0,0,69.5,77.0,42.2,80.9,0,0,0
STU1461,21,60.9,7.18,1,1,74.6,42.3,52.7,99.6,0,1,0
STU2270,21,66.2,6.05,2,4,79.4,69.6,72.8,51.2,1,3,1
STU2760,21,54.6,3.39,0,0,64.1,61.8,65.2,67.5,0,0,1
STU2169,20,65.0,7.82,0,0,58.0,61.6,52.2,80.2,0,1,0
STU1959,20,78.2,7.41,0,1,88.7,59.1,72.7,63.8,0,1,0
STU1502,22,79.0,7.89,2,2,54.8,64.4,51.2,51.2,0,0,0
STU1740,18,92.7,6.75,2,2,100.0,69.7,63.0,71.6,0,1,0
STU2850,21,66.3,6.76,2,2,63.1,66.2,75.2,66.1,0,0,0
STU1869,20,76.8,8.95,0,0,75.1,51.4,71.7,56.6,0,2,0
STU1732,21,60.4,6.51,0,0,100.0,62.5,52.7,61.4,0,0,1
STU1540,19,83.6,7.49,0,0,60.1,53.2,74.7,84.2,0,0,0
STU2202,20,90.0,6.32,1,1,62.8,61.0,37.0,70.3,0,0,0
STU1698,19,77.7,6.71,1,2,62.7,83.3,83.8,55.7,0,0,0
STU2393,20,66.5,5.18,0,0,77.0,53.5,70.6,48.1,0,0,0
STU2377,21,83.5,6.79,2,2,86.1,77.7,68.3,51.2,0,0,0
STU2146,21,80.5,6.91,1,1,73.5,56.5,67.7,89.8,1,0,0
STU2032,21,82.9,7.62,0,0,91.8,72.7,68.4,25.8,0,4,0
STU1373,22,74.6,5.66,0,0,51.1,51.2,39.4,64.7,0,1,0
STU1668,21,72.7,7.6,0,0,77.8,48.1,62.0,47.1,0,2,0
STU2526,22,94.8,5.39,0,0,79.7,58.3,42.9,51.2,0,1,0
STU1358,21,79.9,6.44,0,0,64.5,58.5,74.1,49.6,0,0,0
STU1968,20,67.8,5.69,0,1,69.1,49.4,65.2,68.1,0,1,0
STU1784,22,88.8,7.11,0,0,62.2,67.8,63.1,34.0,1,0,0
STU1736,21,71.2,6.8,0,0,82.7,66.2,78.8,65.6,0,1,0
STU2036,20,81.8,5.33,1,1,57.6,52.2,62.9,60.0,1,1,1
STU1971,20,88.3,6.62,1,0,97.7,75.7,75.7,69.7,0,0,0
STU2525,20,65.0,6.64,0,0,56.7,63.8,85.9,55.3,1,2,0
STU2487,22,84.8,8.71,0,2,88.0,81.9,68.7,80.8,1,2,0
STU2524,20,57.0,7.65,0,0,61.1,63.3,58.4,67.1,0,0,0
STU2491,20,61.5,6.55,0,0,84.1,81.0,62.7,87.8,0,0,0
STU2643,18,74.9,7.49,0,0,60.0,75.2,83.5,81.3,0,1,0
STU2253,19,59.1,8.51,1,1,72.6,69.9,48.0,37.0,0,0,0
STU2694,20,60.1,8.24,0,0,96.1,77.2,36.0,66.6,0,0,0
STU2750,22,91.6,6.67,1,1,60.9,39.5,80.4,44.6,0,2,0
STU2237,21,89.2,5.92,0,0,60.3,78.6,72.7,22.0,0,0,0
STU1886,21,79.6,6.45,0,1,83.5,60.6,60.5,55.7,0,1,0
STU1080,20,65.0,6.29,1,1,75.9,66.7,59.1,62.0,0,1,0
STU2173,20,87.7,6.37,1,0,72.4,77.6,33.2,54.4,0,1,0
STU1815,20,76.1,6.97,0,1,43.6,79.1,61.5,83.7,1,0,0
STU2286,21,88.1,7.18,0,0,77.0,62.5,46.5,75.0,1,1,0
STU1672,21,93.2,6.35,0,0,100.0,66.5,78.1,54.8,0,0,0
STU2532,21,73.8,7.41,0,0,82.4,57.5,72.3,59.4,0,2,1
STU1058,22,54.3,7.51,0,0,79.9,71.4,54.5,59.4,0,1,0
STU1134,20,79.9,6.73,1,1,74.4,58.1,38.9,40.5,0,1,0
STU2141,23,73.7,6.62,0,2,93.3,68.2,49.8,52.9,0,2,0
STU1934,23,88.7,7.34,1,2,80.8,81.1,79.5,70.2,0,1,0
STU2685,20,63.4,5.81,1,3,95.5,74.7,79.9,94.8,1,1,0
STU1824,18,63.6,6.21,0,0,99.2,55.8,85.0,77.4,1,1,0
STU2215,18,88.2,7.34,1,1,61.2,65.2,87.3,72.1,0,0,0
STU1505,18,90.6,6.1,2,1,80.3,77.3,49.2,73.4,1,0,0
STU2775,22,89.1,9.34,1,2,82.6,54.8,63.8,48.0,0,0,0
STU1348,21,67.7,4.54,0,0,54.5,48.3,43.3,96.7,0,1,1
STU1387,21,56.7,6.52,1,1,57.3,49.7,78.1,43.5,1,1,1
STU2025,18,74.0,6.37,1,0,67.0,52.7,47.3,96.6,1,1,0
STU1895,20,68.1,5.95,0,0,67.5,43.1,41.1,68.1,0,0,1
STU1829,22,56.0,8.08,2,1,68.3,69.0,41.8,93.0,0,0,0
STU2893,19,47.9,8.8,0,0,77.4,63.4,26.1,72.1,1,0,0
STU1476,20,76.4,7.31,2,2,98.0,73.4,44.9,65.4,0,0,0
STU2471,21,57.5,6.5,1,1,67.9,63.8,41.5,68.2,0,0,0
STU2448,22,87.7,6.77,0,0,73.5,63.2,86.1,64.6,0,0,0
STU2582,20,100.0,7.29,0,0,94.3,56.3,51.1,62.0,0,0,0
STU1653,23,91.4,7.23,1,1,67.1,49.6,77.8,60.8,0,0,0
STU1173,20,72.4,6.87,0,1,95.6,80.6,73.0,52.7,0,0,0
STU2150,22,78.9,5.5,0,0,98.6,51.5,77.3,70.9,0,1,0
STU1039,19,64.1,6.11,0,1,86.1,64.3,55.5,48.1,0,1,0
STU1714,20,62.3,5.92,1,1,85.9,44.2,59.1,40.1,0,2,0
STU1091,21,78.3,9.08,5,6,90.4,74.7,44.2,77.9,0,1,0
STU2937,20,90.4,5.68,0,0,96.8,66.0,83.7,80.6,0,1,0
STU2206,20,71.9,6.57,1,1,85.8,66.6,20.0,90.1,1,1,0
STU1876,18,49.1,6.36,2,2,82.3,74.5,52.5,52.4,0,3,0
STU2352,21,81.0,7.1,2,2,40.5,55.7,69.0,49.0,0,0,1
STU2890,21,67.3,6.57,1,1,68.7,49.2,74.8,71.4,0,0,0
STU2094,21,66.6,6.8,2,2,97.6,68.7,81.3,40.2,0,0,0
STU2156,21,66.7,5.92,0,1,62.7,44.3,57.8,80.2,1,0,1
STU2782,21,53.8,5.26,1,0,76.5,71.7,85.8,62.5,0,0,0
STU2959,20,68.5,5.35,1,1,69.5,83.1,73.0,26.9,0,1,0
STU1500,19,90.8,6.3,0,0,65.8,60.7,44.9,60.8,0,2,0
STU1339,22,88.6,6.83,3,4,80.1,77.9,74.3,73.3,0,1,0
STU2189,21,71.7,6.91,2,2,52.8,58.9,71.9,68.7,0,2,0
STU1029,21,78.5,6.63,0,0,65.6,53.7,91.2,74.5,1,2,1
STU2218,18,90.5,8.0,1,1,88.7,45.8,55.6,46.8,0,2,0
STU2400,19,70.1,7.99,2,2,75.3,63.5,47.1,71.5,0,0,0
STU2821,18,87.5,6.42,1,0,94.2,48.9,52.6,58.1,0,1,0
STU1946,20,78.7,8.69,2,2,47.4,48.9,63.4,83.1,0,0,1
STU1170,20,68.6,7.3,0,1,82.9,63.0,72.1,74.6,0,1,0
STU2405,20,57.8,7.04,1,0,76.3,57.3,48.8,66.7,1,0,1
STU2198,19,73.5,5.63,0,0,85.7,66.2,92.3,53.0,1,0,0
STU2254,21,87.6,8.28,0,0,40.3,62.6,62.6,88.7,1,2,0
STU2614,21,70.4,8.25,0,0,56.5,64.0,20.0,54.8,0,2,0
STU1913,21,76.0,7.16,1,1,70.1,64.1,72.0,72.5,0,0,1
STU1492,21,67.6,5.9,1,2,78.2,56.4,74.6,62.2,0,1,0
STU1954,19,45.8,4.98,1,1,86.9,76.7,40.1,75.4,0,0,0
STU2098,21,68.1,9.11,2,2,83.7,81.4,58.4,55.7,0,1,0
STU2033,20,61.2,8.05,0,0,58.7,70.2,82.6,44.4,0,0,0
STU1588,19,92.9,8.3,0,0,67.3,66.6,56.7,67.3,0,2,0
STU1751,21,80.7,7.67,0,0,50.8,51.3,78.5,53.8,0,1,0
STU1658,21,64.6,6.87,2,3,80.2,50.7,56.1,60.8,0,0,0
STU1235,20,64.9,8.03,1,1,76.3,68.4,74.8,52.8,0,0,0
STU1733,21,96.7,9.04,0,1,72.1,58.6,50.6,79.3,0,0,0
STU2989,19,90.4,6.98,0,0,75.0,59.9,48.4,52.9,0,0,0
STU2633,21,68.2,4.03,1,1,80.1,88.4,29.6,53.1,0,1,0
STU2157,21,100.0,6.15,1,0,43.1,77.3,44.3,74.2,0,0,0
STU2470,18,87.2,7.72,1,2,100.0,61.9,60.5,89.8,0,0,0
STU2425,21,100.0,7.52,0,0,100.0,60.3,75.1,65.0,1,2,0
STU2628,23,64.9,3.0,1,2,68.6,83.2,56.9,70.1,0,1,1
STU1935,21,66.9,6.41,0,0,73.6,65.0,79.9,73.8,1,0,0
STU2210,21,69.4,5.46,0,0,96.8,56.6,76.7,50.8,0,0,0
STU2066,20,76.0,7.16,1,1,91.7,54.7,59.1,63.2,0,0,0
STU1109,22,66.4,8.27,0,1,60.4,89.3,72.7,60.1,0,1,0
STU2543,21,74.2,7.4,1,1,73.4,62.6,54.9,76.8,0,0,0
STU1569,21,54.3,7.44,0,0,44.9,42.0,72.9,27.4,0,0,0
STU2168,23,68.6,5.7,1,0,65.5,86.1,67.4,84.5,0,1,0
STU2175,20,85.3,8.86,0,1,80.4,77.1,51.6,40.6,0,1,0
STU1891,19,66.2,7.36,2,1,68.0,51.6,54.0,55.4,1,1,0
STU1948,18,81.1,7.15,0,0,54.2,37.2,57.2,66.9,0,0,0
STU2049,19,86.7,6.8,0,0,83.5,71.7,58.6,77.8,0,1,0
STU2353,19,85.9,7.79,0,0,82.2,60.8,68.8,73.9,0,0,0
STU2778,21,81.5,6.97,0,1,70.9,50.0,71.3,68.2,0,0,0
STU2447,24,70.9,5.2,1,0,87.2,44.9,60.7,65.2,0,1,0
STU1885,19,76.0,7.24,0,0,79.9,76.4,74.1,63.6,1,0,0
STU2673,21,82.8,6.83,1,0,83.6,75.0,58.2,84.9,0,1,0
STU1851,20,74.1,6.48,1,1,92.5,75.9,92.8,58.9,0,0,0
STU1735,21,75.7,6.41,0,0,96.9,83.9,73.5,74.7,1,0,0
STU1718,21,77.9,6.44,0,1,57.6,64.5,54.8,68.8,0,1,0
STU1455,21,71.1,7.39,1,1,48.3,80.5,46.3,73.1,0,0,0
STU1265,21,81.7,6.13,0,0,72.6,95.0,25.3,53.3,0,0,0
STU1076,21,60.6,5.98,1,1,73.3,45.8,70.9,39.5,0,0,0
STU2658,18,99.0,6.47,2,3,71.2,71.2,94.8,54.6,1,0,0
STU1445,20,85.8,6.9,0,1,59.5,82.8,77.2,60.0,0,1,0
STU1396,21,62.1,7.05,0,0,70.4,79.0,57.0,82.3,0,1,0
STU1177,23,81.8,7.21,0,0,81.9,76.8,61.6,100.0,0,0,0
STU2043,21,65.3,7.18,0,0,64.2,44.7,66.6,75.3,0,1,0
STU2736,22,70.6,4.94,0,0,89.5,77.7,60.6,100.0,0,0,0
STU2402,20,85.9,7.53,2,2,93.3,69.2,57.7,36.7,0,0,0
STU2381,22,78.7,8.03,1,1,81.8,69.4,52.4,72.7,0,1,0
STU1596,20,66.1,7.67,3,3,100.0,91.2,65.6,31.1,0,1,0
STU1062,20,96.7,7.86,0,0,72.4,49.1,41.7,78.2,0,0,0
STU2297,18,81.3,6.06,1,1,81.4,79.3,61.7,69.9,0,2,0
STU1873,21,63.1,5.45,0,0,77.1,68.4,66.7,78.1,0,0,0
STU2490,21,73.2,6.08,0,0,76.4,65.9,70.0,70.9,0,1,0
STU2879,22,60.4,8.08,1,1,99.1,54.5,88.4,79.6,0,0,0
STU1279,22,69.4,6.42,1,0,65.4,79.7,40.9,80.0,0,1,1
STU1037,20,70.4,9.0,1,1,83.7,34.7,64.1,100.0,0,3,0
STU2976,22,79.6,6.8,1,2,79.5,55.0,48.1,55.8,0,2,1
STU1663,19,71.8,7.37,2,2,67.6,55.8,47.8,67.5,0,0,0
STU2954,20,71.1,7.23,0,0,100.0,67.4,57.0,67.7,1,0,0
STU2445,20,89.3,7.96,1,1,72.4,46.4,90.1,47.7,0,1,0
STU1978,20,74.5,7.36,1,1,92.7,89.9,65.1,66.6,1,1,0
STU2572,20,85.4,6.46,1,0,79.3,69.5,65.3,77.0,0,0,0
STU1739,18,100.0,7.61,0,0,61.8,84.4,46.2,47.9,0,1,0
STU1192,20,64.8,7.62,2,2,67.7,60.9,92.0,58.0,0,0,0
STU1920,18,86.9,7.77,1,0,72.1,80.4,78.0,75.4,0,0,0
STU1457,22,88.0,6.18,1,0,59.0,62.0,48.1,58.9,0,0,0
STU1676,21,80.4,8.12,0,0,75.9,70.5,81.3,58.9,0,2,0
STU1761,22,67.7,6.98,0,0,80.9,72.2,48.3,54.0,1,2,0
STU2808,20,77.9,6.65,0,0,72.1,52.3,72.0,91.6,0,0,0
STU2603,22,59.3,7.43,0,1,78.2,51.1,90.6,75.2,0,1,0
STU1729,19,98.1,7.12,1,1,64.5,66.3,49.7,68.5,1,1,0
STU1413,20,55.6,7.55,2,1,92.7,83.2,63.6,77.8,0,0,1
STU2099,22,100.0,5.85,1,1,72.8,75.5,73.2,79.1,0,0,0
STU1826,21,74.6,6.15,1,1,79.1,31.2,54.2,55.8,0,1,1
STU2640,20,59.8,7.38,0,0,54.3,80.0,43.5,63.7,0,0,0
STU1617,21,75.9,3.99,1,1,65.8,79.0,39.4,61.0,1,2,1
STU1115,21,81.9,5.99,0,0,65.6,76.3,64.5,52.6,0,3,0
STU1418,22,68.4,7.11,2,3,73.9,61.6,37.8,71.3,1,1,0
STU2911,19,92.2,8.42,1,0,88.6,56.4,59.0,52.6,0,0,0
STU1970,21,75.6,7.14,0,0,54.0,72.1,70.5,59.9,1,2,0
STU1605,20,90.1,6.68,0,0,84.8,59.2,64.5,61.7,1,0,0
STU2919,20,78.7,7.25,1,2,100.0,59.6,67.9,65.2,0,2,0
STU1090,21,81.6,7.55,0,0,79.6,63.4,58.1,73.4,0,0,0
STU1849,20,85.4,6.06,0,3,60.0,65.7,67.3,84.3,0,1,0
STU2520,18,83.9,5.81,2,1,53.1,48.4,40.5,100.0,1,0,0
STU2918,22,68.2,6.94,0,0,87.6,40.4,71.0,50.3,0,0,1
STU1754,23,77.4,5.37,0,0,69.3,86.0,52.2,67.8,1,0,0
STU1499,18,69.4,7.04,0,0,75.4,66.7,60.9,67.1,1,0,0
STU2277,20,87.5,6.92,0,0,96.6,57.7,53.1,81.2,0,2,0
STU2326,22,79.4,8.43,1,2,79.4,58.2,35.0,57.8,0,1,0
STU1012,22,97.3,7.06,2,1,89.4,79.9,49.7,71.1,0,1,0
STU1397,21,70.7,6.87,0,0,86.6,66.4,59.2,65.5,0,1,0
STU1285,19,81.5,6.39,2,2,73.2,57.2,47.6,73.0,0,0,0
STU2067,19,79.1,4.68,2,3,74.8,80.2,47.6,42.4,0,1,0
STU2192,22,66.1,7.31,1,0,81.7,67.1,40.7,66.5,0,0,0
STU2745,21,100.0,7.32,1,1,86.5,71.5,34.3,49.7,0,0,1
STU1691,21,60.6,7.91,0,0,69.4,60.9,79.7,58.9,0,3,0
STU2753,20,73.9,7.92,0,0,89.8,62.4,74.9,89.4,0,2,0
STU2876,18,80.8,7.91,0,0,66.9,69.0,70.2,65.8,0,0,0
STU1690,20,53.1,6.21,0,1,85.0,38.0,72.7,61.4,1,1,1
STU1852,20,93.2,6.6,1,0,79.7,67.6,47.4,66.5,0,1,0
STU1160,19,67.1,7.26,2,2,76.2,73.6,82.9,51.5,0,2,1
STU1896,22,61.5,6.71,1,2,53.7,79.1,88.1,66.8,0,0,0
STU2576,19,53.2,6.72,0,1,91.8,56.2,47.4,71.3,0,2,0
STU1258,20,79.0,7.92,0,0,80.1,59.4,48.9,60.4,0,2,0
STU1336,19,77.0,5.95,0,0,74.3,62.7,64.9,72.3,0,1,0
STU2880,18,79.6,7.96,2,2,60.6,48.8,71.5,49.5,0,1,0
STU2040,21,75.1,5.68,2,2,74.1,53.3,56.0,61.5,0,2,0
STU1516,21,69.0,7.75,0,1,62.5,68.4,52.1,85.8,0,1,0
STU2349,22,82.5,7.3,0,0,58.6,53.0,77.4,57.9,0,0,0
STU2016,19,69.2,6.38,0,2,51.9,63.6,77.5,75.8,0,0,0
STU1769,19,85.9,5.3,1,2,100.0,69.9,57.9,65.5,0,2,1
STU2747,20,56.0,4.98,1,1,64.4,87.0,95.0,73.1,0,1,0
STU1762,21,56.6,9.66,0,0,69.0,31.5,76.0,36.7,0,1,0
STU2247,20,65.9,10.0,2,2,61.7,57.4,61.0,78.4,0,0,0
STU2204,20,89.3,5.61,0,0,82.2,72.3,75.9,55.5,0,0,0
STU2468,19,53.2,8.28,2,3,89.7,56.5,57.0,69.2,0,1,0
STU2984,20,59.6,7.5,1,1,92.4,43.5,95.0,49.8,0,0,0
STU1522,19,97.4,7.12,0,1,63.5,69.0,44.9,64.4,0,1,0
STU1023,22,77.6,5.44,1,1,54.5,60.5,50.1,70.2,0,0,0
STU1357,21,77.8,7.64,0,1,85.9,62.7,50.0,61.7,0,0,0
STU2278,23,50.7,6.33,1,1,51.4,55.3,40.8,66.9,0,0,0
STU2313,20,73.9,7.29,0,0,75.9,55.8,60.0,69.7,0,1,0
STU2683,20,77.6,6.42,0,1,54.0,39.5,65.7,82.9,0,0,0
STU1341,18,93.8,4.76,0,3,67.7,60.3,74.4,60.8,0,0,1
STU1432,21,88.3,5.14,1,2,82.0,58.2,77.4,55.9,0,0,0
STU1474,21,83.0,7.69,0,0,61.5,78.2,34.3,70.8,0,0,0
STU1218,22,74.8,7.28,0,0,38.4,61.1,47.0,61.3,0,0,0
STU1912,21,98.7,7.3,1,1,69.8,81.6,67.3,58.4,1,1,0
STU2228,20,75.2,6.52,2,1,85.2,71.1,36.0,52.0,0,0,1
STU2597,21,70.9,6.61,1,0,76.2,61.6,44.3,56.6,1,0,0
STU2012,22,71.8,5.53,0,0,72.6,64.2,75.3,44.8,0,1,0
STU2950,23,75.5,10.0,0,0,72.8,57.8,48.8,67.7,0,0,0
STU1094,20,85.8,5.62,1,1,68.9,56.8,64.4,78.7,1,1,1
STU2009,21,72.8,5.98,0,1,73.6,67.2,78.4,84.9,0,1,0
STU2071,20,86.3,6.32,0,1,82.3,61.5,40.3,69.3,0,0,0
STU2093,22,87.2,5.46,2,2,83.6,79.6,48.9,97.0,0,0,0
STU2915,22,49.2,7.33,0,1,72.5,66.2,70.4,77.8,0,2,0
STU2309,18,63.9,8.15,0,1,70.7,74.4,71.5,46.2,0,2,0
STU1697,18,81.9,7.52,0,0,71.5,81.0,81.3,59.5,1,1,0
STU2828,23,78.8,9.33,0,0,53.9,47.3,81.3,82.7,0,1,0
STU1997,21,61.5,6.46,0,0,72.5,63.1,58.9,48.4,0,0,0
STU1154,20,63.1,5.96,0,0,44.4,45.5,94.6,45.1,0,1,0
STU2100,22,83.1,5.78,0,0,85.9,51.5,49.7,65.7,0,0,0
STU2719,21,81.5,7.84,0,0,89.1,63.8,62.8,66.3,0,1,0
STU2998,20,73.1,8.41,1,1,58.5,74.6,63.7,65.6,0,0,0
STU1790,20,70.6,7.38,0,1,96.2,83.9,62.8,60.8,0,0,0
STU1581,18,64.1,6.45,0,1,90.9,46.6,39.5,70.4,0,0,0
STU1704,20,90.2,7.07,1,1,47.4,49.3,82.0,56.6,0,0,0
STU2213,20,84.4,6.25,0,0,73.6,82.4,82.9,61.0,0,0,0
STU2296,22,83.4,8.26,1,1,51.4,48.3,81.7,95.2,1,1,0
STU2666,20,57.0,6.7,0,0,54.3,62.9,68.4,61.2,0,1,0
STU2261,22,77.3,7.32,1,1,66.5,72.1,59.0,73.2,0,1,0
STU1488,21,86.2,5.75,1,0,88.5,77.5,68.5,72.9,0,1,0
STU1560,19,93.9,5.54,2,2,88.4,40.6,53.3,72.3,0,1,0
STU2142,18,100.0,3.93,0,1,91.8,66.1,83.3,90.6,0,0,0
STU2120,19,61.0,7.45,0,0,82.0,63.0,48.2,65.9,0,0,0
STU1802,19,87.6,7.34,1,1,82.3,68.9,51.2,31.8,0,1,0
STU1513,21,78.6,8.07,0,0,77.6,57.9,81.8,82.3,0,1,0
STU1634,18,76.1,5.62,0,0,71.4,50.6,52.3,89.0,0,1,0
STU2922,22,72.2,8.51,1,1,56.7,57.6,38.4,60.3,0,0,0
STU2788,18,76.5,5.89,1,1,100.0,73.4,35.1,70.3,0,0,0
STU2546,20,68.2,8.47,1,1,100.0,40.9,50.3,63.0,0,0,0
STU2151,21,79.2,8.43,2,2,79.6,57.4,78.5,55.2,0,0,0
STU1791,20,93.8,5.07,1,2,76.2,41.2,41.9,78.5,1,0,1
STU1117,21,76.8,7.93,0,0,53.9,70.1,84.6,86.9,0,2,0
STU1741,22,65.8,6.53,0,0,76.8,68.8,65.2,65.1,0,2,1
STU2691,20,84.6,8.61,0,0,73.8,44.6,73.1,87.6,0,4,0
STU2082,20,62.7,6.16,4,4,82.1,67.9,76.0,63.3,0,0,0
STU1831,21,65.0,5.48,1,1,57.1,48.8,41.3,100.0,0,0,1
STU1120,20,85.3,6.07,2,2,68.0,62.8,54.7,65.4,0,0,0
STU1657,19,79.2,5.93,2,1,85.7,71.3,68.1,88.7,0,0,0
STU2908,21,63.4,5.93,2,3,56.3,52.4,89.5,67.3,0,0,0
STU1636,20,90.5,5.6,1,0,64.9,95.0,81.0,41.4,0,1,0
STU1370,22,85.5,7.54,0,1,78.1,29.1,81.6,54.0,0,2,0
STU1269,21,53.8,7.96,0,1,76.5,42.3,60.5,45.7,0,1,0
STU1656,21,69.0,6.72,0,2,70.6,53.1,44.6,60.9,0,1,0
STU1936,21,43.1,6.13,0,0,73.2,55.2,61.0,73.9,0,0,0
STU1823,19,84.1,8.27,0,0,60.7,79.0,41.2,86.6,0,0,0
STU1867,19,82.1,5.9,1,1,83.1,67.0,52.1,97.5,0,0,0
STU1047,22,83.9,6.63,0,1,100.0,55.7,59.7,45.5,0,0,0
STU2374,18,69.0,6.18,1,1,42.8,70.8,58.4,82.5,0,0,0
STU2709,22,74.3,6.97,1,1,100.0,66.0,65.2,52.2,0,0,0
STU1992,22,95.5,6.73,1,1,69.1,43.1,79.5,56.3,0,0,0
STU1877,20,60.1,7.74,0,0,54.2,47.8,52.7,76.4,1,0,0
STU1774,22,74.0,7.45,0,1,91.7,35.4,67.7,48.1,1,0,0
STU2220,22,88.0,7.4,0,1,68.7,57.5,70.5,86.5,0,2,0
STU3000,23,61.0,5.42,1,1,74.0,57.3,50.0,65.5,0,0,0
STU1005,18,59.1,8.23,0,0,58.2,44.4,58.8,78.2,1,0,0
STU2004,21,57.4,7.23,0,0,83.5,61.1,72.9,36.1,0,0,0
STU2724,23,86.9,9.98,0,0,72.4,62.9,40.3,56.1,1,1,0
STU1264,20,73.7,7.67,0,0,65.2,52.0,69.6,59.5,0,1,0
STU2570,18,86.2,7.0,0,0,71.7,67.4,51.2,63.7,0,1,0
STU2831,21,64.4,5.69,0,2,82.6,58.0,76.2,87.6,0,2,0
STU1444,22,84.9,5.78,1,1,75.0,67.5,72.0,63.1,0,2,0
STU2003,20,99.6,6.1,1,1,71.3,63.3,31.9,66.3,0,0,1
STU2078,24,55.3,6.87,1,1,87.2,64.4,84.1,73.7,0,3,0
STU1838,22,78.8,5.78,3,3,69.5,86.8,34.2,74.0,0,1,0
STU2791,18,70.3,7.93,2,1,82.9,73.4,54.6,51.3,0,2,0
STU1305,20,80.4,6.81,0,0,69.5,54.0,67.0,60.7,0,1,0
STU2366,21,60.6,8.79,3,3,73.1,30.7,68.3,94.7,0,1,0
STU2558,22,80.9,7.29,3,3,100.0,71.8,71.0,50.2,1,0,0
STU1314,21,76.7,7.05,0,0,77.6,77.0,46.3,49.9,0,0,0
STU1150,21,77.5,5.07,1,1,61.8,66.7,67.1,46.2,0,2,0
STU2149,22,97.3,6.8,0,0,78.2,58.2,57.3,49.4,0,0,1
STU2214,20,63.7,6.36,0,0,64.7,91.1,58.3,77.9,0,1,0
STU1575,21,75.1,7.84,1,0,100.0,44.2,49.4,34.0,0,0,0
STU1051,21,85.2,7.69,0,0,46.7,67.3,64.2,97.8,0,0,0
STU2553,20,88.4,7.36,0,1,77.1,84.4,42.4,66.9,1,2,0
STU1727,21,65.1,6.48,0,1,63.8,76.9,22.9,44.4,0,3,1
STU1834,20,64.1,5.99,2,3,93.5,93.5,44.9,79.5,0,4,0
STU2378,21,72.6,6.48,1,1,83.1,60.4,45.9,26.0,0,1,0
STU2116,21,85.0,7.39,2,2,88.9,66.9,95.0,68.6,1,0,0
STU2167,24,65.5,4.91,1,2,75.2,54.7,51.2,52.3,0,2,0
STU1471,21,70.5,7.1,0,0,60.0,39.6,58.4,80.1,0,0,0
STU1972,20,75.4,5.39,0,0,80.7,68.9,78.8,53.5,0,0,0
STU1654,19,66.1,6.35,2,1,73.6,53.2,53.8,55.3,0,0,0
STU1400,20,83.1,5.53,1,1,88.3,69.4,48.4,81.2,0,2,0
STU1512,20,96.5,6.63,1,0,92.4,61.4,57.9,100.0,0,2,0
STU1321,22,81.0,6.08,0,0,82.8,56.3,51.3,87.3,0,0,0
STU1020,20,81.7,6.81,0,0,56.5,59.5,85.3,67.9,0,1,0
STU1685,20,58.2,6.15,0,0,68.1,67.4,52.4,76.1,0,0,0
STU1036,22,84.8,6.96,0,0,88.1,62.2,62.0,70.4,0,0,0
STU1903,20,88.3,6.83,1,0,68.0,47.6,31.3,53.5,0,2,0
STU2779,19,75.1,8.11,4,5,85.1,46.4,44.4,57.2,0,1,0
STU1828,20,99.1,6.55,1,2,69.3,61.7,67.8,66.7,0,1,0
STU2854,21,71.8,5.35,1,1,66.5,35.4,44.7,51.8,1,1,0
STU1408,22,71.7,7.04,1,1,74.9,67.7,74.2,79.8,1,0,0
STU1921,20,67.3,6.46,1,1,77.0,83.6,84.0,60.8,0,0,0
STU1538,22,56.5,7.1,1,1,51.7,60.6,43.8,46.9,0,0,0
STU1759,21,85.0,5.81,1,1,83.2,68.9,62.5,84.6,0,0,0
STU2905,21,56.6,8.52,0,1,83.0,75.8,46.9,90.1,0,2,0
STU2063,20,100.0,5.82,1,2,100.0,87.0,53.7,62.1,0,1,0
STU2200,19,71.0,6.58,1,0,57.4,63.6,55.8,69.9,0,0,1
STU1246,19,68.6,6.77,0,1,97.5,61.4,82.7,92.3,0,2,0
STU2417,23,77.4,7.41,0,0,70.3,35.6,38.6,76.4,0,1,0
STU2128,20,81.0,8.17,1,0,80.2,62.7,74.9,40.5,0,2,0
STU1785,21,80.6,6.87,1,1,71.1,72.4,53.5,60.9,0,1,0
STU2743,21,55.5,7.38,1,2,100.0,81.2,55.7,70.5,1,1,0
STU1490,21,76.0,6.48,0,1,60.9,63.0,61.3,54.6,0,1,0
STU1155,20,78.7,6.11,1,0,52.0,60.8,71.8,44.8,0,0,1
STU1962,21,75.7,7.43,1,2,66.8,77.4,67.5,57.1,0,0,0
STU1854,21,78.9,5.04,0,0,83.7,64.0,69.2,74.7,1,1,0
STU2312,22,83.8,5.77,0,0,100.0,59.5,31.3,74.2,0,0,0
STU1626,20,74.1,7.19,1,1,70.3,63.2,71.4,53.8,0,1,0
STU1686,20,77.7,6.09,1,2,71.8,59.6,52.2,54.7,0,1,0
STU2562,21,77.4,9.29,4,3,96.3,60.3,90.8,80.0,0,1,0
STU1570,21,81.6,7.25,1,2,99.9,54.9,57.0,70.5,0,0,0
STU2909,20,63.5,7.52,0,0,65.0,49.3,58.4,64.8,0,1,0
STU1018,19,68.1,7.77,0,0,58.8,78.5,74.2,66.1,0,0,0
STU1128,19,69.7,6.5,0,0,60.4,84.0,69.2,88.3,1,1,0
STU2347,21,79.1,5.61,0,1,74.6,85.4,60.9,58.5,0,1,0
STU2280,20,71.2,8.78,1,0,47.3,68.2,80.0,73.8,0,2,0
STU2969,20,68.6,6.92,0,0,100.0,48.2,53.5,61.2,0,0,0
STU1928,21,79.3,7.12,1,2,79.4,71.7,54.1,52.1,0,0,0
STU1981,21,74.9,7.39,0,0,69.0,40.6,34.9,58.9,0,0,0
STU2965,20,73.1,8.71,0,0,52.7,71.9,52.2,61.5,0,0,0
STU1191,23,84.7,7.8,3,3,82.0,68.1,63.5,64.8,1,0,0
STU2140,21,99.7,7.27,0,0,87.7,48.6,46.8,66.5,0,0,0
STU1993,23,75.3,6.24,0,0,80.3,66.9,68.2,42.1,0,0,0
STU2956,19,52.0,6.93,0,0,100.0,82.4,42.3,75.2,0,0,0
STU2657,21,73.2,4.85,0,0,97.4,79.5,67.5,77.8,0,0,0
STU1607,21,64.1,5.74,0,0,99.8,52.0,68.6,82.1,0,0,1
STU1181,22,100.0,8.0,2,4,49.8,83.8,53.0,100.0,0,0,0
STU1302,19,65.3,7.9,0,1,70.2,63.9,52.4,39.4,0,2,0
STU1497,18,74.5,6.32,0,0,86.2,52.3,53.5,82.7,1,1,0
STU2721,22,76.6,6.95,0,0,100.0,49.7,80.0,74.0,0,1,0
STU2710,20,72.7,6.0,1,1,70.5,91.5,74.7,44.4,0,1,0
STU2888,21,71.0,8.77,0,1,100.0,64.7,61.6,41.4,1,2,1
STU2992,21,63.6,7.72,0,0,86.8,70.6,69.8,57.2,1,0,1
STU1518,20,93.2,6.64,1,2,44.9,62.5,61.6,62.4,0,0,0
STU2985,19,66.3,4.32,1,0,94.4,85.7,77.0,76.2,0,0,0
STU2070,20,65.9,8.02,1,1,67.6,76.2,35.3,67.0,1,0,0
STU1477,22,51.6,7.06,1,0,75.1,43.5,37.1,91.1,0,0,0
STU1158,22,66.3,8.14,0,0,84.0,80.1,68.6,75.6,0,0,0
STU2244,20,79.1,7.62,1,1,86.2,70.8,79.0,51.2,0,2,0
STU2196,23,88.7,7.74,0,0,73.9,55.4,51.7,60.2,0,1,0
STU1017,21,75.7,8.31,0,0,87.6,76.3,75.8,74.3,0,0,0
STU2536,19,60.0,5.65,2,2,66.6,50.9,48.6,62.3,0,0,1
STU2073,20,57.1,8.71,0,0,57.7,84.5,84.0,52.8,0,1,0
STU2972,20,78.6,6.98,1,1,73.2,65.7,75.9,65.6,0,2,0
STU1547,21,72.3,4.11,0,0,97.4,45.1,80.0,90.4,0,2,0
STU2540,22,66.2,5.59,1,1,47.1,66.2,71.2,43.9,1,0,0
STU1659,22,73.8,6.18,0,0,91.1,76.1,49.9,65.7,0,0,0
STU2626,22,100.0,8.03,2,2,66.6,74.1,56.1,59.1,0,1,0
STU2020,21,51.5,7.68,1,2,59.8,53.8,75.5,90.7,0,1,0
STU2663,20,70.8,6.54,0,2,92.7,95.0,81.4,70.5,0,0,0
STU2505,20,77.9,6.87,1,1,98.5,60.5,39.6,54.8,0,5,0
STU1960,21,99.4,5.9,1,0,48.5,66.2,75.8,79.3,0,1,0
STU2882,22,92.9,6.44,2,1,75.1,55.3,72.4,69.0,0,3,0
STU1284,21,79.3,6.34,0,0,72.4,74.0,55.3,33.9,0,1,0
STU1798,22,72.9,7.65,3,3,88.9,53.4,71.6,65.5,0,0,0
STU2627,18,76.6,7.2,0,0,75.6,60.4,51.4,81.7,1,0,0
STU1226,21,78.8,7.22,0,0,80.2,49.3,51.4,58.0,0,1,0
STU1027,21,82.8,6.16,1,1,100.0,85.1,59.6,60.2,0,0,0
STU2771,20,70.7,8.0,1,0,65.4,68.3,78.0,63.9,0,0,0
STU1438,19,79.3,7.62,1,0,83.1,72.1,51.8,83.7,0,0,0
STU2949,19,75.3,7.85,2,2,91.3,79.8,69.0,67.7,0,2,0
STU2389,21,57.4,5.87,2,2,71.9,81.1,67.5,59.3,1,0,0
STU1230,20,79.3,7.7,0,0,72.4,84.3,39.7,68.7,0,1,0
STU1038,19,88.0,6.78,0,0,100.0,67.9,72.5,52.1,0,0,0
STU1750,19,85.0,5.05,1,1,74.9,58.5,89.6,65.1,1,0,1
STU2046,19,71.5,8.17,1,1,72.6,79.8,20.0,66.6,0,0,0
STU2399,21,53.7,5.04,1,2,94.5,63.8,70.2,93.7,0,0,1
STU1470,19,76.2,5.98,0,0,84.9,49.5,82.8,89.4,0,4,0
STU2693,19,52.7,6.53,1,0,65.7,84.0,57.5,42.1,0,0,1
STU2968,20,63.5,6.72,0,0,61.6,47.4,69.9,59.6,0,0,0
STU1688,22,73.1,5.3,2,1,59.6,67.8,64.0,63.7,0,1,1
STU2844,19,98.2,7.28,1,2,51.1,69.8,81.2,79.7,0,1,0
STU1640,21,69.0,6.19,0,0,74.9,60.0,47.0,75.0,0,0,0
STU2713,21,74.2,7.18,0,0,69.1,69.7,49.1,65.6,0,0,0
STU2219,19,100.0,7.68,1,0,95.6,75.1,81.7,22.8,1,0,0
STU2159,18,58.5,6.18,0,0,67.6,64.8,83.7,77.4,1,1,0
STU2416,19,76.8,5.16,1,0,100.0,54.2,48.9,69.4,0,1,0
STU2528,20,60.1,7.02,0,0,74.3,51.0,61.0,72.3,0,2,0
STU2656,18,80.2,6.63,0,1,71.0,67.0,66.9,26.8,0,1,0
STU2301,21,82.6,6.03,2,2,80.8,60.3,63.5,65.9,1,2,0
STU2823,22,75.2,6.95,1,1,84.4,59.3,85.3,46.6,0,0,0
STU1801,19,72.9,6.83,0,1,69.7,82.3,70.7,55.8,0,0,0
STU2604,19,93.5,7.18,0,2,79.4,62.4,65.0,82.4,0,0,0
STU1161,19,69.7,5.47,0,0,71.5,56.8,38.4,82.1,0,2,0
STU1957,20,82.4,6.88,0,0,70.3,66.8,71.9,79.0,0,1,0
STU2187,20,64.2,7.42,1,1,94.8,83.1,46.0,74.9,1,0,0
STU1822,22,79.6,6.13,0,2,100.0,63.8,63.4,89.0,1,2,0
STU2682,19,82.7,8.7,2,3,67.8,58.1,72.5,49.7,0,3,0
STU1878,20,69.6,7.38,0,0,88.1,63.8,72.6,64.7,0,1,0
STU1914,20,49.2,5.71,1,0,62.2,87.7,54.4,77.8,1,0,0
STU1153,18,65.8,7.18,0,0,54.8,39.5,79.3,58.1,1,1,0
STU2871,22,76.2,6.98,1,1,91.5,54.3,51.6,46.3,0,2,0
STU2777,19,65.1,6.92,0,0,55.3,89.7,71.8,75.4,0,1,0
STU1510,21,72.3,7.41,1,4,74.0,53.2,25.8,60.8,0,2,0
STU2136,22,62.5,6.48,1,0,62.3,70.7,38.4,63.3,0,1,0
STU2251,22,89.8,6.7,0,0,74.5,44.3,61.9,77.3,0,0,0
STU2684,22,70.6,5.92,0,0,69.0,71.5,69.7,75.8,0,1,0
STU1104,21,85.3,8.65,1,0,59.1,83.9,82.6,52.2,0,2,0
STU2446,21,72.1,6.09,1,1,88.3,67.8,68.2,60.9,0,1,0
STU2444,22,71.5,6.75,1,2,70.1,70.4,44.2,69.3,0,2,0
STU1587,19,77.0,7.31,1,2,64.6,52.5,48.3,50.0,0,2,1
STU2769,19,87.1,6.7,0,0,100.0,61.4,75.2,71.7,1,2,0
STU2144,20,79.1,7.88,1,1,69.6,56.1,44.3,94.6,1,1,0
STU1054,20,100.0,6.26,0,0,74.2,59.0,73.9,76.5,0,1,0
STU1152,19,84.8,8.25,0,0,61.9,57.2,72.0,69.1,0,1,0
STU1404,20,67.6,8.35,1,0,76.7,63.3,69.8,57.0,0,1,0
STU2943,19,65.9,7.46,0,0,94.6,69.8,37.5,55.5,0,1,0
STU1208,19,81.3,7.69,2,2,67.7,44.9,67.4,75.9,0,0,0
STU2895,20,83.5,6.83,0,1,48.8,70.2,43.3,82.8,0,1,0
STU2123,20,84.3,6.47,1,1,78.9,88.4,43.4,74.2,0,0,0
STU2891,22,61.4,7.63,1,1,62.6,50.5,53.2,50.4,0,0,0
STU1009,20,90.3,5.96,0,1,86.0,54.3,46.7,62.1,1,1,0
STU2015,19,87.8,7.15,1,1,36.7,95.0,53.3,65.1,0,1,0
STU2907,21,56.9,6.85,0,0,79.3,42.7,58.6,76.6,1,2,0
STU2061,20,90.1,5.75,1,3,66.7,65.7,53.0,84.6,0,2,0
STU1453,23,82.5,5.46,0,0,34.2,67.7,47.9,73.0,0,1,0
STU1254,19,47.4,4.96,4,5,90.1,55.0,66.4,62.0,0,0,1
STU2328,18,76.8,5.99,0,0,77.3,49.0,64.0,57.1,0,0,1
STU1897,20,87.7,7.41,1,2,56.2,60.2,54.3,70.3,0,1,0
STU2734,19,71.5,6.84,1,1,80.5,66.6,90.5,68.6,1,1,0
STU1881,21,79.7,6.26,0,0,75.1,78.0,79.6,100.0,0,1,0
STU2596,21,100.0,7.12,0,0,64.6,71.6,58.1,75.0,0,0,0
STU2889,18,72.9,7.7,0,0,54.5,81.8,82.3,39.6,1,0,0
STU1624,20,78.5,7.65,0,0,78.3,85.4,64.3,55.4,0,0,0
STU1346,18,64.4,7.16,0,0,91.9,89.2,44.7,82.5,0,0,0
STU2703,21,67.1,7.4,1,0,76.8,38.1,52.8,53.7,0,1,0
STU1263,21,77.7,6.33,0,0,66.6,58.4,71.7,46.3,0,1,0
STU2635,21,73.9,6.79,0,0,56.6,36.0,56.6,87.2,0,0,0
STU2322,20,72.2,5.27,0,0,84.5,61.0,78.6,70.4,0,0,0
STU2439,19,72.6,7.12,2,2,93.5,71.0,79.0,43.7,0,2,0
STU1151,20,75.2,6.4,1,0,71.0,63.4,75.5,54.5,0,2,1
STU1473,20,79.9,8.59,1,0,78.0,72.1,71.9,65.9,0,0,0
STU1641,19,83.1,8.32,1,0,93.7,60.3,60.6,68.2,1,0,0
STU2983,21,71.7,6.59,1,0,74.2,33.7,66.4,67.5,0,1,0
STU2883,20,79.9,6.75,0,0,49.5,36.3,68.5,80.0,0,0,0
STU1551,21,55.9,7.79,0,0,89.6,85.8,65.5,44.4,1,0,0
STU2780,22,53.4,6.2,2,2,66.0,65.8,81.4,53.4,0,0,0
STU1929,20,59.8,8.3,0,0,86.6,62.0,84.2,62.4,0,0,0
STU1489,19,92.5,7.23,1,0,78.0,59.9,68.0,63.2,0,1,0
STU2812,18,72.3,7.27,1,3,69.5,69.3,51.7,42.1,0,0,0
STU2172,18,84.3,6.71,0,0,74.9,58.0,41.2,75.5,0,0,0
STU1147,20,64.7,6.89,1,2,80.6,77.9,64.1,95.7,0,0,0
STU2705,21,82.3,5.81,1,2,89.1,54.0,63.0,71.3,0,0,1
STU2929,22,58.8,7.39,0,0,78.8,52.1,53.6,64.5,0,0,0
STU1403,22,79.4,6.11,0,0,65.5,76.4,47.2,68.5,1,1,0
STU1955,20,50.5,7.92,2,1,62.0,70.3,60.8,70.5,1,0,0
STU2878,23,79.8,6.15,1,1,80.4,73.6,78.7,54.4,1,2,0
STU1660,20,81.4,5.86,1,0,81.6,54.1,51.3,63.8,0,1,1
STU2373,21,58.3,6.73,1,1,71.5,68.7,75.5,67.5,0,1,0
STU1464,18,61.7,6.18,0,0,55.1,32.4,71.2,75.1,0,2,0
STU2350,20,65.0,6.77,3,2,85.8,49.4,71.0,33.9,0,0,0
STU1187,21,74.5,7.2,1,1,84.9,67.1,61.5,71.5,0,1,0
STU2148,20,74.6,6.04,2,2,91.1,65.5,50.7,32.2,0,1,0
STU2225,19,79.1,7.81,1,1,81.4,91.6,82.2,78.3,0,1,0
STU1609,18,85.9,5.66,0,0,100.0,70.7,69.7,65.9,0,2,0
STU1144,21,80.7,6.42,0,0,50.4,68.8,61.1,42.7,0,0,0
STU1752,20,71.3,7.05,0,1,81.8,60.3,65.2,61.3,0,0,0
STU2535,23,81.7,7.16,0,0,55.6,79.2,79.1,76.3,0,0,0
STU1982,19,94.5,7.0,1,1,100.0,41.1,51.2,76.2,0,3,1
STU1198,20,76.2,5.16,1,0,80.7,69.0,86.5,44.4,0,3,0
STU2634,20,74.5,7.74,0,0,76.1,87.0,40.8,54.4,0,0,0
STU1884,19,89.7,6.52,0,0,78.8,58.5,53.4,38.0,0,1,0
STU1280,21,52.2,5.84,0,0,53.9,62.4,57.2,80.5,1,0,1
STU1294,18,70.9,8.08,1,2,79.8,62.0,59.0,71.8,0,1,0
STU2824,21,73.5,6.6,3,3,84.1,58.8,72.0,68.1,1,0,0
STU1401,20,70.6,6.75,0,0,89.1,57.6,71.4,55.0,0,1,0
STU1123,21,66.3,5.8,1,1,65.4,51.9,35.4,76.8,1,1,1
STU2208,19,79.8,5.8,0,0,92.5,65.6,44.2,83.6,0,2,0
STU1203,21,77.1,7.34,1,0,84.2,79.2,47.3,100.0,0,0,0
STU2463,19,60.2,5.74,0,1,96.6,30.6,85.6,94.4,0,0,0
STU1836,19,74.7,6.07,2,2,93.5,57.0,75.0,76.4,0,0,0
STU1247,19,57.0,7.02,1,1,83.1,74.6,57.5,74.7,0,2,0
STU2440,22,99.1,7.28,0,0,64.3,66.7,59.0,98.5,0,2,0
STU2754,20,85.1,7.95,0,2,68.3,64.3,87.0,69.9,0,2,0
STU2902,22,84.0,6.47,0,1,68.1,59.2,58.9,46.0,1,0,0
STU2708,21,83.2,7.23,0,0,98.5,70.3,44.7,77.0,0,3,0
STU2881,21,70.1,7.93,2,2,91.3,56.2,68.3,51.1,0,0,0
STU2154,20,74.4,8.15,2,2,52.9,76.3,61.9,63.3,0,0,0
STU2662,19,80.8,7.04,1,1,61.8,77.2,55.9,81.3,0,0,0
STU2427,22,80.6,6.12,1,0,73.8,54.3,48.5,92.8,0,1,0
STU1385,18,84.2,7.52,0,0,76.2,76.2,72.2,100.0,0,0,0
STU2759,19,80.8,7.12,1,1,100.0,52.0,62.2,56.2,0,0,0
STU1855,21,66.1,6.57,2,2,66.8,64.8,78.4,62.9,0,0,0
STU2590,20,69.4,5.81,1,3,55.2,67.6,69.7,80.2,1,0,1
STU1220,20,58.2,6.41,0,1,77.9,87.7,49.7,53.9,0,0,0
STU1642,21,74.9,6.19,0,0,85.4,64.2,72.0,65.3,1,1,0
STU1002,19,68.0,7.7,3,3,80.5,51.3,50.7,78.4,0,2,0
STU1113,20,86.9,6.16,0,0,84.1,74.6,60.0,84.0,0,1,0
STU1699,19,80.7,7.88,1,1,86.7,69.7,68.8,78.2,1,1,0
STU2916,18,73.1,7.11,0,1,57.7,69.8,57.9,84.9,0,0,0
STU1952,21,85.1,5.97,0,1,64.6,68.1,68.4,84.1,0,0,0
STU2649,20,92.4,5.21,0,0,69.3,59.9,54.0,90.4,0,0,0
STU2637,18,72.8,7.25,0,0,55.7,72.2,58.8,51.0,1,1,0
STU2886,21,76.7,8.35,0,0,71.3,73.4,47.7,45.5,1,1,0
STU2411,20,49.7,7.58,2,1,64.1,58.0,76.0,72.9,0,0,0
STU2410,21,75.5,7.31,2,2,100.0,73.7,95.0,68.7,1,0,0
STU2534,19,80.2,6.97,0,0,82.8,58.2,79.6,54.7,0,0,0
STU2292,20,79.3,5.9,0,1,72.4,52.9,62.7,88.8,0,0,0
STU2809,21,74.8,6.24,0,1,62.3,57.2,48.2,69.6,0,1,0
STU1442,21,82.9,4.64,0,0,71.7,66.1,68.8,84.1,0,0,0
STU2521,19,67.3,7.48,1,2,65.6,57.5,43.1,62.2,0,1,0
STU2137,21,91.2,7.21,2,2,77.4,84.3,33.7,71.7,0,4,0
STU2716,21,65.7,6.56,0,0,66.7,66.7,76.9,73.8,0,1,0
STU2257,22,68.2,7.29,0,0,93.9,58.9,81.2,55.9,0,3,0
STU2864,22,95.7,7.28,0,0,64.1,60.5,40.9,49.7,0,0,1
STU2632,19,90.3,8.32,0,0,84.4,49.8,62.8,46.8,0,0,0
STU2696,21,66.5,9.0,0,0,91.4,60.6,79.5,53.5,0,2,0
STU2398,20,72.9,7.98,1,1,70.6,57.5,81.3,99.1,0,0,0
STU1664,20,58.9,6.11,0,1,73.2,68.3,74.5,90.5,0,1,0
STU2836,21,79.4,4.82,0,0,94.7,71.5,61.1,61.4,0,1,0
STU2258,20,95.7,5.56,2,2,97.1,52.3,62.8,77.3,0,1,0
STU2774,23,82.6,7.91,0,0,78.7,68.7,77.9,63.4,0,2,0
STU2701,19,75.4,6.52,1,4,79.6,42.4,70.6,54.5,0,1,0
STU1318,20,80.9,6.26,1,0,72.9,77.4,57.8,84.9,0,1,1
STU1649,21,79.5,6.97,0,1,57.0,54.3,73.6,58.8,0,1,0
STU2435,21,60.6,5.86,0,0,58.5,52.8,60.5,60.4,0,0,0
STU2480,23,76.2,5.81,1,0,85.3,65.7,50.2,56.0,0,0,0
STU1710,21,74.6,7.35,0,0,84.6,62.3,82.7,58.8,0,0,0
STU2383,20,98.5,6.13,1,1,58.4,69.0,48.1,62.4,0,0,0
STU2283,18,69.3,5.81,1,1,76.0,58.8,65.8,38.6,0,2,0
STU1973,21,75.6,7.79,0,0,60.3,61.8,84.7,62.2,0,1,0
STU1628,22,93.6,7.59,1,1,77.5,68.1,84.8,98.1,0,0,0
STU1633,20,75.3,5.9,0,0,100.0,73.9,71.3,54.9,0,0,0
STU2307,19,81.8,6.93,1,2,63.3,45.1,77.5,65.6,0,0,0
STU2401,22,80.8,6.49,1,1,96.4,70.2,77.4,62.7,0,2,0
STU2409,20,81.9,5.71,2,1,55.2,68.3,68.4,49.6,0,1,0
STU2249,20,86.5,7.12,0,0,75.3,55.3,20.0,69.6,0,1,0
STU2953,18,75.2,4.99,2,2,85.6,69.2,67.4,49.4,0,1,1
STU2255,20,71.6,7.59,0,0,58.8,56.5,66.8,26.2,0,0,1
STU2497,21,88.0,6.2,0,0,61.1,64.8,67.1,58.2,0,1,0
STU2372,22,57.6,7.11,0,0,61.6,66.6,52.4,70.8,0,0,0
STU2530,21,74.7,6.76,0,1,95.4,53.9,28.6,51.9,0,0,0
STU2664,23,79.8,7.09,1,3,64.4,59.5,71.1,72.1,0,0,0
STU2355,23,71.9,6.8,0,0,72.0,50.4,65.5,31.2,1,0,0
STU2926,19,86.7,5.84,1,1,77.5,82.9,62.4,81.4,0,0,0
STU2901,20,83.7,6.85,1,1,78.7,82.7,57.4,68.6,0,1,0
STU2644,21,68.2,8.55,1,1,66.6,58.4,70.3,37.6,0,0,0
STU2849,20,86.4,7.37,1,0,64.7,64.7,62.2,92.6,0,0,0
STU1796,20,84.1,5.92,0,1,79.2,64.3,62.6,72.8,0,2,0
STU1646,20,74.1,5.96,0,1,96.9,89.3,67.6,48.7,0,1,0
STU2013,20,70.9,5.39,0,0,90.3,83.4,57.7,62.2,1,0,0
STU2840,19,74.0,5.37,0,0,62.5,60.5,65.3,80.8,0,1,0
STU1557,20,50.8,7.16,0,0,67.1,65.3,64.2,37.1,0,0,0
STU1682,21,73.3,6.9,0,0,79.7,74.7,64.7,57.8,0,2,0
STU1578,22,64.4,4.36,0,0,80.0,77.1,51.3,56.1,0,1,1
STU2110,22,66.2,7.41,0,1,94.0,60.9,45.4,77.3,1,0,0
STU2267,19,43.0,5.29,1,2,75.4,36.1,67.5,59.3,1,0,1
STU2723,20,87.2,6.82,0,0,88.4,68.7,66.5,65.1,0,0,0
STU2184,21,82.8,9.8,0,0,86.5,83.0,62.4,40.6,0,1,0
STU1525,22,98.7,7.84,1,1,74.2,63.0,59.7,42.9,0,1,0
STU2060,21,72.2,6.83,0,0,71.1,52.8,72.2,92.2,0,0,0
STU1541,18,81.8,7.86,0,0,76.7,60.4,78.0,46.8,0,0,0
STU2195,23,74.6,8.21,0,0,53.9,53.8,74.9,49.1,0,1,0
STU2679,20,67.8,7.03,2,1,94.5,76.2,43.7,97.7,0,0,0
STU1749,20,74.0,5.75,1,1,98.8,25.0,67.9,69.3,0,1,0
STU2852,21,67.1,7.87,1,1,63.2,70.8,73.7,56.3,0,0,0
STU2431,20,56.7,5.29,1,1,64.2,78.1,82.6,75.4,0,2,0
STU1485,20,74.8,6.86,0,0,75.1,54.1,58.6,65.0,0,1,0
STU2758,23,60.7,6.61,2,2,57.5,68.1,63.4,78.4,0,0,1
STU1096,19,85.4,5.04,0,1,81.4,66.8,80.6,84.8,0,0,0
STU2021,21,61.3,6.02,2,2,57.8,68.9,51.1,57.6,0,1,0
STU1564,20,96.2,6.57,0,0,67.8,77.4,74.8,84.9,0,0,0
STU2265,20,70.1,5.82,0,0,72.5,67.3,63.3,44.5,0,0,0
STU1743,19,66.0,6.7,1,2,80.9,66.5,67.5,76.6,0,0,0
STU1864,21,100.0,7.31,3,2,100.0,67.8,67.0,58.7,0,1,0
STU2599,23,54.7,7.09,1,1,67.9,69.6,65.1,48.8,0,2,0
STU2715,19,66.6,5.29,0,0,76.3,79.5,80.1,99.4,0,0,0
STU2485,22,86.5,7.61,0,0,67.4,35.5,44.9,52.2,0,0,0
STU1892,20,81.1,5.33,0,1,82.1,59.5,87.4,75.9,0,0,0
STU2578,22,78.2,6.33,1,2,82.4,81.8,72.9,62.0,0,0,0
STU2039,22,66.0,5.15,1,0,63.2,54.6,91.1,77.1,1,0,1
STU1207,19,70.5,6.81,2,2,73.3,57.2,51.3,46.5,0,0,0
STU1393,20,56.1,5.72,2,1,96.0,60.5,53.9,60.3,0,0,1
STU1795,18,89.2,7.94,0,0,84.4,72.4,30.2,70.4,1,0,0
STU1871,21,53.9,5.61,0,1,66.6,59.7,59.9,40.4,0,2,0
STU1398,21,73.8,6.34,0,0,89.0,64.4,73.7,68.0,0,1,0
STU1767,21,54.1,5.81,0,0,72.9,78.7,59.7,67.1,1,1,0
STU2842,21,74.9,6.52,1,2,73.7,40.3,52.2,83.5,0,1,0
STU2242,19,65.8,6.1,4,4,61.0,78.1,68.7,37.9,0,0,1
STU2029,20,65.9,7.62,1,0,67.8,46.2,40.1,100.0,0,1,0
STU2793,21,71.5,6.36,2,2,95.1,55.4,73.2,67.8,0,0,0
STU1643,23,64.4,7.68,0,0,84.8,59.7,42.8,43.5,0,1,0
STU2892,19,59.0,8.51,1,2,57.0,77.6,79.5,43.4,0,1,1
STU1613,19,68.8,6.38,0,0,86.7,50.7,44.3,73.5,0,2,0
STU2763,20,79.6,6.2,0,0,94.8,79.9,68.7,78.9,0,1,0
STU1961,23,60.8,6.14,2,3,91.7,60.7,87.3,83.8,0,1,0
STU2571,21,84.7,7.66,0,1,83.9,60.6,42.0,90.1,0,3,0
STU1726,22,71.6,7.93,0,1,83.7,66.6,60.0,37.4,0,0,0
STU1684,20,67.7,6.18,0,0,81.0,75.0,51.0,41.8,0,1,0
STU1099,21,54.3,7.24,1,0,74.6,77.4,72.0,58.4,0,0,0
STU1805,22,65.7,6.34,1,2,98.1,78.1,80.7,25.1,0,0,0
STU2752,20,68.4,7.12,1,1,82.2,92.4,60.2,71.9,0,0,0
STU2598,21,69.1,6.08,0,0,66.7,68.2,57.9,61.6,0,0,0
STU1407,20,79.5,6.27,0,0,86.5,69.8,47.9,78.9,1,1,0
STU1503,20,88.1,5.49,0,0,64.9,56.4,35.1,39.4,0,0,0
STU2072,19,78.5,6.75,1,1,75.9,68.5,76.0,65.5,1,0,0
STU2057,21,70.7,6.53,0,0,81.5,79.6,75.0,76.9,0,2,0
STU1930,21,72.3,7.86,1,0,75.9,68.7,47.0,64.3,1,0,0
STU1780,19,63.9,6.83,2,2,72.3,49.7,70.3,65.1,0,2,0
STU1201,21,69.5,5.99,1,0,70.5,74.4,84.4,73.4,0,0,0
STU1135,19,66.4,5.75,1,1,87.1,53.7,60.8,63.3,0,1,0
STU2052,20,64.8,6.95,1,1,80.4,66.1,65.4,55.2,0,0,1
STU1041,21,87.1,6.89,1,1,71.4,61.6,67.1,71.8,0,1,0
STU2018,20,88.7,6.29,0,1,66.2,53.6,73.4,38.6,1,1,0
STU1231,19,81.8,7.96,1,0,100.0,42.3,53.6,58.9,1,1,0
STU2514,18,88.9,6.18,1,1,72.9,91.2,86.7,81.7,0,0,0
STU2797,20,56.1,9.07,4,5,83.8,52.6,45.7,77.1,0,2,0
STU1379,23,76.5,6.33,0,0,49.1,59.0,57.4,62.0,0,1,0
STU1289,20,87.7,6.67,2,1,83.8,56.2,75.8,54.5,0,0,0
STU1419,20,83.4,7.17,1,0,82.1,77.0,78.7,61.0,0,1,0
STU2699,18,63.3,6.19,2,2,61.4,77.4,73.8,80.3,1,2,0
STU1392,21,84.5,8.08,0,2,74.1,58.1,48.4,58.0,0,0,0
STU1593,23,81.6,7.04,2,3,62.0,56.1,59.3,80.7,0,2,0
STU2523,20,72.3,5.99,2,2,98.2,76.4,72.3,57.8,0,0,0
STU2163,20,82.7,8.42,0,0,69.2,78.4,79.0,87.2,1,0,0
STU2087,19,62.1,5.82,0,0,92.6,69.9,95.0,74.9,0,1,0
STU2496,19,75.5,7.15,0,0,100.0,47.7,70.1,68.9,0,0,0
STU1648,18,69.8,6.03,1,1,82.3,70.4,52.6,37.2,0,1,0
STU2153,21,81.0,6.85,0,0,98.9,77.5,68.4,75.8,0,0,0
STU2368,22,72.6,8.61,1,0,74.3,86.6,29.6,48.5,0,1,0
STU1521,19,73.4,5.74,0,0,64.8,57.0,59.9,62.4,0,0,0
STU2863,22,61.8,5.76,1,1,69.5,66.7,61.9,64.5,0,0,0
STU1065,21,72.3,6.98,3,3,69.2,85.9,75.1,78.7,0,1,0
STU2837,21,82.9,7.73,2,1,76.1,70.8,81.2,61.8,0,0,0
STU1015,21,95.1,6.97,2,1,74.1,57.4,90.3,100.0,0,0,0
STU2181,19,64.2,6.13,0,0,52.0,76.0,53.0,69.8,0,0,0
STU2065,20,72.5,6.5,2,2,74.3,44.3,60.6,55.8,0,3,0
STU1493,20,85.2,6.06,4,5,67.3,59.2,44.0,73.5,0,1,1
STU1380,20,75.0,5.48,1,0,49.4,37.8,64.1,53.8,1,0,0
STU1188,19,70.4,6.43,2,1,93.2,72.5,63.8,94.4,0,0,0
STU1764,21,86.7,8.41,0,0,93.5,83.7,78.8,96.0,1,0,0
STU1217,21,76.1,8.01,0,0,81.8,70.8,66.9,53.6,0,1,0
STU1792,19,74.7,3.69,2,1,59.5,69.4,86.1,77.6,0,0,0
STU2077,22,75.9,7.22,1,1,90.4,72.6,49.9,54.0,1,0,0
STU1879,20,66.0,7.32,1,1,83.3,80.4,56.3,56.0,0,0,0
STU1338,21,86.0,6.33,1,1,71.2,52.6,71.5,37.9,0,1,0
STU2773,19,81.0,6.75,2,2,77.3,53.8,50.4,76.6,0,0,0
STU1720,19,63.0,6.95,3,3,60.7,71.9,51.0,77.9,0,0,0
STU2749,20,67.3,6.06,0,0,95.0,53.0,70.0,68.4,0,0,0
STU1296,21,87.1,7.25,1,1,52.0,46.3,63.6,78.6,1,0,0
STU2726,21,92.6,7.0,1,1,62.9,59.4,65.1,80.3,1,1,0
STU2017,21,68.4,5.87,0,0,60.6,75.5,39.5,100.0,0,1,0
STU2276,21,62.4,4.95,0,0,60.1,56.8,65.6,73.8,0,0,0
STU2751,19,72.6,7.19,1,1,87.2,64.9,80.3,66.1,1,0,0
STU2486,19,89.0,7.6,1,0,78.6,60.7,75.8,63.9,0,0,0
STU1456,21,77.1,9.27,1,1,72.9,72.5,58.7,81.1,0,1,0
STU2997,21,88.1,7.02,1,2,55.3,74.7,57.2,41.5,1,1,0
STU1816,21,69.6,4.44,0,0,80.9,85.7,59.1,62.7,0,1,0
STU2887,19,64.2,7.17,0,0,82.3,69.8,73.7,42.7,0,0,0
STU1270,21,70.5,6.62,0,1,86.2,56.2,57.1,64.4,1,0,0
STU1996,21,66.8,7.88,1,1,100.0,62.7,59.6,37.5,0,0,0
STU1202,22,73.9,4.81,2,2,65.9,59.4,57.9,66.3,0,0,0
STU1162,20,64.7,5.47,0,0,78.0,71.9,83.2,77.3,0,1,0
STU2580,21,59.9,7.83,2,2,89.1,38.0,50.9,59.7,0,0,0
STU1730,19,60.8,6.47,0,1,73.0,76.8,52.8,79.3,0,0,0
STU1402,21,87.8,6.33,3,2,65.3,52.0,69.7,84.0,0,0,0
STU1703,19,86.0,4.99,0,0,100.0,62.4,79.5,61.5,0,0,0
STU2501,20,73.1,6.31,2,3,64.6,70.7,60.5,61.4,0,1,0
STU2846,18,48.0,7.53,2,2,55.2,86.0,66.9,93.8,0,0,0
STU2796,20,73.9,7.19,0,0,82.9,48.8,79.8,55.0,0,1,0
STU2130,18,80.4,6.88,0,0,69.4,59.3,70.8,62.4,0,0,0
STU1566,21,64.7,6.92,0,0,54.1,90.0,53.5,64.7,0,0,0
STU2414,22,71.7,7.73,1,2,39.3,64.5,63.6,60.0,0,1,0
STU2022,21,94.0,7.89,1,1,62.1,59.6,63.3,78.6,0,1,0
STU2026,20,76.2,4.18,0,0,86.3,59.5,70.9,71.3,0,0,0
STU2412,23,51.7,8.09,0,0,46.1,82.6,65.3,83.9,0,0,0
STU2896,20,56.8,6.58,1,3,76.3,57.3,68.9,80.0,0,0,1
STU2586,18,100.0,6.96,0,0,71.0,75.8,66.4,73.6,0,1,0
STU2105,19,75.2,6.84,2,2,79.1,78.5,57.9,62.0,0,1,0
STU1206,20,72.5,6.54,0,0,67.1,61.1,74.5,47.1,0,2,0
STU1035,21,77.4,6.08,1,2,73.3,57.6,66.1,99.7,0,0,0
STU1776,21,100.0,7.52,2,3,57.0,57.5,67.7,38.2,0,1,0
STU1509,20,86.9,5.88,1,0,64.3,68.4,64.6,54.2,0,0,0
STU2452,21,84.5,5.93,0,0,70.1,74.0,60.0,47.9,0,1,0
STU2479,20,89.7,7.69,0,2,54.7,59.2,58.5,63.7,0,0,0
STU2971,20,57.2,7.24,1,0,59.0,56.6,81.3,35.1,0,2,0
STU2391,20,63.1,8.4,1,1,75.0,52.6,83.0,78.6,0,1,0
STU1092,20,83.6,6.86,2,1,88.5,60.4,64.1,49.0,0,0,0
STU2364,22,64.9,6.48,0,0,49.8,64.8,77.4,79.0,0,0,0
STU1898,19,76.9,8.06,1,0,71.3,77.2,90.9,77.5,0,1,0
STU1565,22,89.6,7.3,0,0,99.5,50.5,65.8,90.4,0,0,0
STU2370,22,77.5,8.58,0,0,68.1,59.6,69.2,64.0,1,0,0
STU1777,19,82.7,5.95,2,2,84.2,77.8,78.0,59.5,0,1,0
STU1242,20,66.3,5.95,1,1,89.8,47.4,46.0,76.7,0,0,1
STU1014,22,75.9,8.52,0,0,97.8,87.1,40.5,100.0,0,1,0
STU1316,20,80.4,6.75,0,0,68.6,65.7,68.7,68.5,0,0,0
STU1601,21,69.5,7.54,1,1,69.1,68.3,95.0,33.0,0,0,0
STU1388,21,84.0,7.41,1,2,81.2,49.3,90.5,77.8,0,0,0
STU2298,20,75.3,6.76,0,0,72.4,76.5,65.0,58.3,1,0,0
STU1167,22,100.0,5.66,0,0,43.7,38.7,62.1,91.9,0,1,0
STU1841,23,74.0,6.99,0,0,63.1,41.9,83.6,64.5,0,0,0
STU1021,20,76.2,7.0,0,0,74.4,62.9,46.8,65.4,0,1,0
STU1647,21,95.7,6.74,1,1,81.9,59.7,60.9,70.3,0,0,0
STU2843,22,79.6,6.79,0,0,72.2,63.8,71.4,71.5,0,0,0
STU2509,23,82.6,6.97,0,0,80.9,85.4,86.1,81.8,0,2,0
STU2155,21,68.7,7.46,2,2,67.2,52.8,47.9,46.5,0,1,0
STU2529,18,57.5,6.57,1,2,75.4,42.8,70.5,63.3,1,0,0
STU1832,23,87.8,4.85,0,0,69.4,71.6,70.7,59.9,0,1,0
STU2268,21,75.5,4.8,1,1,76.2,56.6,52.2,58.3,0,2,1
STU2591,19,75.4,6.87,1,2,51.5,85.8,71.6,79.8,0,1,0
STU2900,19,79.9,7.25,0,0,82.9,65.7,32.0,58.4,1,3,0
STU1563,21,91.9,7.12,0,0,84.2,75.3,45.5,66.3,0,1,0
STU2952,21,100.0,7.5,2,3,66.6,60.1,80.7,68.8,0,2,0
STU1687,22,54.9,5.52,0,1,91.2,32.3,39.6,62.6,0,0,0
STU1958,23,77.4,4.67,2,2,88.3,56.9,74.7,74.3,0,2,0
STU1190,23,82.6,8.92,0,1,76.8,34.6,50.2,76.3,0,1,0
STU2807,21,66.0,5.84,3,3,78.8,76.9,61.4,86.5,1,0,1
STU1976,19,79.8,6.18,0,0,90.0,77.7,95.0,69.8,0,1,0
STU1700,20,65.7,6.81,2,1,77.7,52.9,34.0,53.9,0,2,0
STU2500,19,83.1,6.03,1,0,67.3,86.6,78.4,71.5,0,0,0
STU2706,23,73.2,7.03,0,0,98.0,47.1,57.3,81.4,0,2,0
STU1511,18,68.8,6.54,1,1,75.2,77.8,67.3,58.4,0,1,0
STU2083,21,78.8,6.9,1,2,83.1,66.7,73.7,63.3,0,0,0
STU1475,21,65.1,6.12,2,2,78.7,53.6,48.5,64.4,0,1,0
STU2585,20,79.7,6.25,0,0,72.1,72.8,69.8,81.2,0,1,0
STU1857,21,75.3,5.33,3,2,62.1,66.4,63.2,66.7,0,0,1
STU1748,21,70.4,5.57,1,1,62.2,54.6,85.5,49.6,0,0,1
STU1253,23,84.1,7.28,1,1,74.0,76.5,41.8,87.9,0,0,0
STU1022,20,66.5,7.16,0,1,71.0,30.8,59.8,41.7,0,0,0
STU2338,21,81.9,7.69,1,1,51.8,80.6,59.9,54.1,0,0,0
STU1460,20,53.0,7.01,1,2,44.9,71.6,70.0,86.8,0,2,0
STU2185,20,84.3,5.72,0,0,94.2,64.8,68.0,76.0,1,1,0
STU1277,20,60.7,7.57,1,1,65.8,78.8,55.3,70.2,1,1,0
STU1956,22,63.8,8.87,0,0,75.2,68.9,57.5,72.3,1,0,0
STU2216,19,81.6,6.09,0,0,59.5,71.7,65.7,71.7,0,0,0
STU1386,19,68.6,6.42,1,1,72.9,57.4,60.5,65.2,0,1,0
STU1806,22,77.3,5.47,3,2,81.6,75.9,73.3,69.0,0,1,1
STU2438,18,77.2,6.72,1,0,74.0,60.1,62.3,39.8,0,2,0
STU2516,21,72.3,6.4,2,3,55.1,59.0,59.1,70.5,1,1,1
STU1344,21,73.7,6.32,0,0,84.8,40.8,51.8,100.0,0,0,0
STU1770,23,85.2,8.4,0,0,100.0,46.3,72.5,64.1,0,0,0
STU2333,22,53.4,7.1,1,0,94.3,60.5,46.3,56.8,1,0,0
STU2686,21,79.2,5.07,1,1,60.3,75.2,63.1,74.0,0,1,0
STU1131,20,77.2,7.82,1,1,77.5,66.6,72.8,49.9,0,1,0
STU2688,21,81.1,8.17,2,1,69.5,75.6,51.8,58.1,1,1,0
STU1872,19,67.9,6.98,0,2,40.6,71.5,49.0,52.7,1,0,0
STU2124,20,82.6,6.72,1,1,78.4,65.2,62.1,93.4,0,0,0
STU2397,21,65.2,7.24,1,0,84.4,39.2,65.0,90.7,0,1,0
STU1088,21,70.4,5.08,1,1,61.4,71.3,85.9,64.1,0,0,0
STU2483,21,87.7,6.82,0,0,78.9,45.6,81.9,62.4,0,0,0
STU1331,22,65.2,8.64,0,1,54.6,91.8,87.9,42.7,0,1,0
STU2239,21,86.9,6.06,1,1,76.3,31.0,74.1,71.3,0,0,0
STU1467,20,70.7,6.79,1,1,67.1,70.6,78.8,77.8,0,0,0
STU1122,21,76.5,7.53,2,3,72.2,58.0,71.7,65.2,0,0,0
STU2639,21,78.8,7.16,0,1,79.5,82.7,61.0,100.0,0,1,0
STU2045,20,78.4,4.67,1,1,69.9,44.7,57.3,67.9,0,2,0
STU2725,22,74.8,6.95,0,1,59.6,44.6,83.3,92.6,0,0,0
STU2096,22,62.4,6.55,0,0,55.5,72.0,53.4,35.8,0,0,0
STU2131,19,84.0,5.86,1,1,86.0,67.7,65.0,89.4,0,1,0
STU2295,21,69.0,6.9,1,1,100.0,58.9,54.5,69.7,0,0,0
STU1861,19,58.4,5.2,3,2,90.6,51.6,54.1,68.2,0,1,1
STU2460,21,85.3,7.7,2,1,94.1,76.6,48.2,66.2,0,0,1
STU2127,23,75.5,7.28,0,0,63.2,52.8,55.8,55.2,0,1,0
